735527023486062594	Bruce Wayne vs. Clark Kent Dawn of Breakfast. @midnight #BoringBlockbusters	0
735533498015068160	@midnight  #BoringBlockbusters  Non-Lethal Weapon	0
735532299794550785	#BoringBlockbusters  ID4: identification Day  @midnight	0
735534273197834241	Lockjaws #BoringBlockbusters @midnight	0
735533426422386688	Security guards of the galaxy #BoringBlockbusters @midnight	0
735533311376777216	#BoringBlockbusters  Les Meh, It's Not So Bad  @midnight	0
735532856374480897	#BoringBlockbusters  Men in Blackface  @midnight	0
735534596603813889	X-Men: Copyright Litigation #BoringBlockbusters @midnight	0
735532235705569280	#BoringBlockbusters  Fasting Furious  @midnight	0
735532687130284032	School of Classical Music. #BoringBlockbusters @midnight @hardwick	0
735530815677988864	Aunt Man #BoringBlockbusters @midnight	0
735537060925169664	#BoringBlockbusters @midnight Gone in 60 minutes	0
735530626829422593	@Midnight #BoringBlockbusters Batman Begins Quilting	0
735531727922319361	@midnight Midnight in Paris, Texas #BoringBlockbusters	0
735526089171181568	The girl with the ButterflyTattoo #BoringBlockbusters @midnight #basicb #whitegirltattoos	0
735535218958860288	Who you gonna call? Paintwatchers! #BoringBlockbusters @midnight	0
735526190690242561	Captain America Civil Disobedience @midnight #BoringBlockbusters	0
735530646194507781	Cankerman #BoringBlockbusters @midnight	0
735533123522334720	#BoringBlockbusters  Finding Chemo   @midnight	0
735530319294672897	Mission: Implausible #BoringBlockbusters @midnight	0
735524736701071360	Devil with the Red Capris #BoringBlockbusters @midnight	0
735528537596125184	Extra-men #BoringBlockbusters @midnight	0
735531849724899328	Interview with the Umpire #BoringBlockbusters @midnight	0
735532050933899264	#BoringBlockbusters  Batman curses Superman: Yawn of Justice  @midnight	0
735529118167629824	@Midnight #BoringBlockbusters To Let A Mockingbird Live	0
735531109329604608	@midnight Annie Hallmark #BoringBlockbusters	0
735527245138132992	#boringblockbusters @midnight What Happens in Carson City	0
735524443515035649	#boringblockbusters @midnight True Spit	0
735536683886596096	Merge onto 34th Street #BoringBlockbusters @midnight	0
735526045995012100	Voting District 9 #BoringBlockbusters @midnight	0
735530356930052096	Guardians of the Galaxy S6 #BoringBlockbusters @midnight	0
735534839084941312	Tranformers: Still in the Original Packaging #BoringBlockbusters @midnight	0
735532638509797376	@Midnight #BoringBlockbusters Purple Reindeer	0
735533534555869184	Alice Looking at the Glas   #BoringBlockbusters  @midnight	0
735534561275355136	@Midnight #BoringBlockbusters Vagina for Vendetta: The Lorena Bobbitt story	0
735525372008226816	The Tolerant 8 #BoringBlockbusters @midnight	0
735535014331490304	@Midnight #BoringBlockbusters Gone With The Wind to get lunch	0
735524599241146368	Any given Monday #BoringBlockbusters @midnight	0
735524289693155328	#boringblockbusters @midnight Planet of the Grapes	0
735526522056908801	Man IV: The Quest For Peace #BoringBlockbusters @midnight	0
735533658405273603	@midnight  #BoringBlockbusters Die Hard of Old Age	0
735537179665960960	Jurassic Prank #BoringBlockbusters @midnight	0
735533711668584450	Car Trek 2: The Bathroom Stops with Mom  @midnight #BoringBlockbusters	0
735534716946784256	Car Trek 3: The Search for the Door Lock @midnight #BoringBlockbusters	0
735531263067443200	Averagers: Age of Tax Accounting @midnight #BoringBlockbusters	0
735533679980711937	@Midnight #BoringBlockbusters The Elephant Man-ny Pacquiao's Retirement	0
735537389972643840	#BoringBlockbusters @midnight  Beverly Hills Mall Cop	0
735532966672109568	GREEN (Geriatric Real Estate Economy Naysayers) @midnight  #BoringBlockbusters	0
735531753373241345	Sleepy in Seattle #BoringBlockbusters @midnight	0
735524356898590721	Stephen Wright's A Brief History of Canada #BoringBlockbusters @midnight	0
735526458748067840	Ashton Kutcher presents: The Butterfly Collection #BoringBlockbusters @midnight	0
735528874952560640	@Midnight #BoringBlockbusters Taxi Driver in rural Kentucky	0
735525699256082432	299.99 (300) #BoringBlockbusters @midnight	0
735536796944105472	4n+4$+i (Theoretical Mathmaticians Breaking Dimensions of International Currancy Exchange Rate Optimization) @midnight #BoringBlockbusters	0
735525272552771588	James Bond: Quantum Physics of Solace #BoringBlockbusters @midnight	0
735531651346759681	#BoringBlockbusters  Intercellular  @midnight	0
735532378274168832	#BoringBlockbusters  Alien vs. Law Enforcement   @midnight	0
735532048748675072	Ex-Men: Days of Sex Change Hormone Treatments Past @midnight #BoringBlockbusters	0
735530504129261568	Avengers: Age of Fortran #BoringBlockbusters @midnight	0
735534400260046848	#BoringBlockbusters  The Exercycle  @midnight	0
735531006929735680	#BoringBlockbusters  A Country for Some Men  @midnight	0
735535518176382976	The Sound of Elevator Music #BoringBlockbusters @midnight	0
735529250502103040	Ironing Man #BoringBlockbusters @midnight	0
735533006396493825	Book Club #BoringBlockbusters @midnight	0
735524921615486977	@Midnight #BoringBlockbusters An American Werewolf in Paris Hilton's designer purse	0
735529269456211968	@midnight National Public Radio Days #BoringBlockbusters	0
735527814510825472	@Midnight #BoringBlockbusters Sadiator	0
735529681672343552	@Midnight #BoringBlockbusters Full Plastic Jacket	0
735535015870660608	Car Trek 4: The Voyage Home @midnight #BoringBlockbusters	0
735533461373476864	"Schindler's Cyst," #BoringBlockbusters @midnight	0
735537030629822464	Look who didn't come to dinner #BoringBlockbusters @midnight	0
735526902711091200	G.I. bill Joe: Rise of Student Loans @midnight #BoringBlockbusters	0
735526632912355328	Gone in sixty years. @midnight  #BoringBlockbusters	0
735525490723803136	@midnight The Silence of the Jambs: FBI on Lockdown #BoringBlockbusters	0
735535470864539648	Car Trek 5: The Undiscovered Country Cottage Bed and Breakfast Discount Coupon @midnight #BoringBlockbusters	0
735528125996498946	#boringblockbusters @midnight Draft	0
735524565833506816	The Color Purple, Blue, Red, Magenta, Yellow, Tan, etc #BoringBlockbusters @midnight #TheCrayolaMovie	0
735536641008369665	@midnight No Country for Cold Men #BoringBlockbusters	0
735529441741426688	Batman vs. Comic Book Guy #BoringBlockbusters @midnight	0
735537329155284992	@Midnight #BoringBlockbusters The Anti-Social Network	0
735536240913715200	@midnight Harry Potter and the Room of Fully Disclosed Information #BoringBlockbusters	0
735528347233587202	@Midnight #BoringBlockbusters The Dark Knight Rises slowly from his nap	0
735526152178110464	Regular Turtles @midnight  #BoringBlockbusters	0
735531373977604104	@midnight The Purple Rose of Cairo, Illinois #BoringBlockbusters	0
735527425338118145	@Midnight #BoringBlockbusters Psycho-analyzed	0
735529148496654337	Captain America: Civil Discourse #BoringBlockbusters @midnight	0
735527767496753153	12 Happy Men @midnight #BoringBlockbusters	0
735535059650760704	There Won't Be Blood #BoringBlockbusters  @midnight	0
735531121371316224	#BoringBlockbusters  There Will Be Bloody Marys  @midnight	0
735533503559913472	Retweeted @midnight (@midnight):  Last night's #BoringBlockbusters didn't have any robots, but it did have a... https://t.co/87B3dvHfOY	0
735526788206493700	Indiana Jones and the Temple of Math #BoringBlockbusters @midnight	0
735532175622164480	#BoringBlockbusters  The Avengers: Age of Enron  @midnight	0
735529882097160201	@Midnight #BoringBlockbusters 2001: A Spacious Honda Odyssey	0
735527400444923906	X-Men Applebees @midnight #BoringBlockbusters	0
735537467789615106	Gone with the light breeze #BoringBlockbusters @midnight	0
735530522126999552	@midnight I Actually Don't Know What You Did Last Summer #BoringBlockbusters	0
735526537953476608	Muppets Take Man's Hat #BoringBlockbusters @midnight @FozzieBear	0
735534126846095360	Snacks on a Plane @midnight #BoringBlockbusters	0
735526395967770624	#boringblockbusters @midnight Routes	0
735526750575333376	@Midnight #BoringBlockbusters The Toyota Matrix	0
735530949056811008	The Hangoutter #BoringBlockbusters @midnight	0
735526666336935936	Captain America Civil Rights Movement @midnight #BoringBlockbusters	0
735530171818737664	Kung - Fu Panderer #BoringBlockbusters @midnight #HillaryClinton https://t.co/LZ1mhW7bEX	0
735534108902719489	#BoringBlockbusters  Cheekbones  @midnight	0
735536956415823872	@midnight NP Argo #BoringBlockbusters	0
735525837102010369	@midnight Trainspotting Clerical Errors #BoringBlockbusters	0
735525047339614209	The Man From U.N.C.L.E. Fred's carpool #BoringBlockbusters @midnight	0
735527437400870912	Indifference Day #BoringBlockbusters @midnight	0
735535346713276416	Ernest Goes to the DMV #BoringBlockbusters @midnight	0
735532043451437056	@midnight #BoringBlockbusters Ferris Beuller's Day At School. @hardwick	0
735531726013923329	The Ordinary Life of Benjamin Button #BoringBlockbusters @midnight	0
735534697984430081	@midnight  TransGenderFormers #BoringBlockbusters	0
735536173721001990	@Midnight #BoringBlockbusters Kill Bills: Presidential Veto	0
735536842309697536	Captain America: Civilized War #BoringBlockbusters @midnight	0
735532345869111296	@Midnight #BoringBlockbusters What's Eating Gilbert's Grape Jelly?	0
735525805334335493	@Midnight #BoringBlockbusters Captain Make America Great Again	0
735529488734261249	The calorie count of Monty Cristos #BoringBlockbusters @midnight	0
735535129972604928	The Wizard of Snooze #BoringBlockbusters @midnight	0
735529206688321540	Schindler's Shopping List #BoringBlockbusters @midnight	0
735531432081248258	@midnight #BoringBlockbusters Straight Outta Greenwich, CT.	0
735534108311314432	Car Trek: The Motion Sickness Pill @midnight  #BoringBlockbusters	0
735536415463735296	Nice Girls. #BoringBlockbusters @midnight	0
735526365433331713	@Midnight #BoringBlockbusters Schindler's Grocery List	0
735532717908103168	Little Shop of Knickknacks  #BoringBlockbusters @midnight	0
735524552969707520	Live Soft #BoringBlockbusters @midnight https://t.co/csuuC8X7iB	0
735532356619145218	The Reverend #BoringBlockbusters @midnight	0
735532114200821760	@midnight #BoringBlockbusters   Angry white guys try to explain how their gun obsession &amp; racism isn't related to their tiny penises	0
735533516536979456	Tiffany's Breakfast. #BoringBlockbusters @midnight	0
735525720567357440	#boringblockbusters @midnight Jenga Unchained	0
735524991161274369	@midnight #BoringBlockbusters Captain America; Civil Discussion.	0
735528898721517568	In the line of tired #BoringBlockbusters @midnight	0
735529338548850688	@midnight The Wardrobe #BoringBlockbusters	0
735536633462853632	Hurt Bill #BoringBlockbusters @midnight	0
735531661098647553	Transformers: Age of Extinction - Extended Mark Wahlberg Edition @midnight #BoringBlockbusters	0
735528016537882624	@Midnight #BoringBlockbusters Django Unchained Melody	0
735530239938297856	National Lampoon's Animal Cracker House #BoringBlockbusters @midnight	0
735533145882263552	@Midnight #BoringBlockbusters The Wolf of Trump's US/Mexico Border Wall Street	0
735535479056179200	National Lampoon's Shiva House #BoringBlockbusters @midnight	0
735526904967503873	Accountant's Creed #BoringBlockbusters @midnight	0
735533587139723264	"Forrest Trump," #BoringBlockbusters @midnight	0
735532914650157056	#BoringBlockbusters  Slumdog Minimum Wage Worker  @midnight	0
735527158244859904	@Midnight #BoringBlockbusters Once Upon A Time In The West Indies	0
735529364033568768	@Midnight #BoringBlockbusters Lawrence of A Rabies Outbreak	0
735534852775288837	Sleeping in Seattle #BoringBlockbusters @midnight	0
735532201337491456	Another Straight White Dude #BoringBlockbusters @midnight	0
735533330251153408	Star Trek II: The Bath of Kahn #BoringBlockbusters @midnight	0
735529811687280641	The Dark Knight Relaxes #BoringBlockbusters @midnight	0
735314789434527744	Lawrence in Academia #BoringBlockbusters @midnight	1
735313340155584513	Just The Right Amount Of Furious #BoringBlockbusters @midnight	1
735332587380613120	Honey, I Shrunk Your Sweater #BoringBlockbusters @midnight	1
735342885969760256	Rocky Horror Antiques Roadshow #BoringBlockbusters @midnight	1
735312350560063492	Florist Gump #BoringBlockbusters @midnight	1
735312820733120512	Conan the Librarian  #BoringBlockbusters @midnight	1
735467358442160129	A Fistful Of Dullards #BoringBlockbusters	1
735336738370031617	The Craft Services #BoringBlockbusters @midnight	1
735318677860560896	The Accountant of Oz #BoringBlockbusters @midnight	1
735332408459956224	@midnight #BoringBlockbusters A Crossword Orange	2
