735904901339828224	...@midNightcrawler @midnight  #ComicBookTVShows	0
735894197887205377	Iron man vs food @midnight  #ComicBookTVShows	0
735902792045334533	NCIS: Metropolis. #ComicBookTVShows @midnight	0
735890992872574976	Parent-Red Hood #ComicBookTVShows @midnight	0
735893247633985541	Flash Gordon Ramsay's Kitchen #ComicBookTVShows @midnight	0
735909496178933761	I love ROM Spaceknight #ComicBookTVShows @midnight	0
735899187657641984	The Supermanos #ComicBookTVShows @midnight	0
735887391018225664	The Bat-chelor #ComicBookTVShows @midnight	0
735910999862038528	#ComicBookTVShows @midnight @midnightwing	0
735904396593094656	@midnight #ComicBookTVShows X-Men Files	0
735893802964000770	Wonder Women a weekend marathon on Lifetime. #ComicBookTVShows @midnight	0
735898687361011712	So You Think You Can Bamf #ComicBookTVShows @midnight https://t.co/oSxcM4WuEU	0
735897313676132352	Veronica Martian the Manhunter #ComicBookTVShows @midnight	0
735909085485268992	#ComicBookTVShows @midnight Savage Docs	0
735894339612639232	Moon Knight lighting #ComicBookTVShows @midnight	0
735893298754129920	Alfred Pennyworth Hitchcock Presents  #ComicBookTVShows @midnight	0
735889490418405376	@midnight @nerdist CNN= Comic Nerd Network #ComicBookTVShows	0
735895995339313152	The Booster Golden Girls  #ComicBookTVShows @midnight	0
735887969945456641	Teenage Mutant Ninja Turtle Moms #ComicBookTVShows @midnight	0
735901228857622528	The Beta Ray Bill Cosby Show #ComicBookTVShows @midnight	0
735896359606181891	The Dick Grayson Van Dyke Show #ComicBookTVShows @midnight	0
735909921284182016	#ComicBookTVShows @midnight My Catwoman From Hell	0
735896661294120961	Loki Project  #ComicBookTVShows @midnight	0
735908479769006081	@midnight Super Two And A Half Men #ComicBookTVShows	0
735908548962619392	@midnight The Walking Dredd #ComicBookTVShows	0
735903371832352769	The Fresh Prince of Wakanda #ComicBookTVShows @midnight	0
735891838993764352	Strange M.D. #ComicBookTVShows @midnight	0
735903040578981892	Welcome back Kronos #ComicBookTVShows  @midnight	0
735892387759673344	The Real Housewives of Krypton  #ComicBookTVShows @midnight	0
735900686190268418	@midnight #ComicBookTVShows Keeping Up with the Lehnsherr-Maximoffs	0
735906336110612480	#ComicBookTVShows @midnight The Dr. Octopus Show	0
735892259741302784	Being Inhuman #ComicBookTVShows @midnight	0
735893831959220224	I dream of Jeannie Grey #ComicBookTVShows @midnight	0
735893578220601344	Mork &amp; Mindy &amp; Magneto #ComicBookTVShows @midnight	0
735892015842361344	It's always sunny in Star City #ComicBookTVShows @midnight	0
735898540262711296	#ComicBookTVShows Bartoc the Quantum Leaper @midnight	0
735893048970743808	Man of Remington Steele #ComicBookTVShows @midnight	0
735903634685362176	@midnight @PointsMe  #ComicBookTVShows  Better Kal-El	0
735908968896319488	@midnight The Flash  #ComicBookTVShows	0
735904689657548800	ROM Spaceknight Rider #ComicBookTVShows @midnight	0
735889580658819073	Fawlty Avengers Towers  #ComicBookTVShows @midnight	0
735910603890401280	Bringing up Thanos #ComicBookTVShows @midnight	0
735895156855963653	Monty Python's Flying Mutants  #ComicBookTVShows @midnight	0
735888304453849088	Iron Sides Man #ComicBookTVShows @midnight	0
735891953057828868	Ghost Knight Rider. #ComicBookTVShows @midnight	0
735911209166196742	#ComicBookTVShows @midnight Flash vs. Evil Deadpool	0
735906710414462976	The X-Men Factor @midnight  #ComicBookTVShows	0
735905168357613568	#ComicBookTVShows @midnight South Parker	0
735910311148933120	Morbius the living Vampire Slayer #ComicBookTVShows @midnight	0
735895104431501312	Radioactive Man vs Wild @midnight #ComicBookTVShows	0
735897834512220164	Mutant-ish #ComicBookTVShows @midnight	0
735894579732348928	Family Guy Gardener #ComicBookTVShows @midnight #greenlanterncorps	0
735903179439640577	@midnight #hashtagwars #ComicBookTVShows #TheFlash Point of an #Arrow	0
735908601898795009	Gambit of Thrones @midnight  #ComicBookTVShows	0
735894770086645760	Beta Ray Bill Street Blues  #ComicBookTVShows @midnight	0
735911090454810625	Hill Street Blue Beetle #ComicBookTVShows @midnight	0
735891509220773888	The Captain Americans  #ComicBookTVShows @midnight	0
735910240558809089	#ComicBookTVShows @midnight Join or Die with Tony Stark	0
735912142021349377	Silver Surfer Spoons #ComicBookTVShows @midnight	0
735896081465122816	Deadshot Like Me #ComicBookTVShows @midnight	0
735900464860921856	The Twilight Phantom Zone  #ComicBookTVShows @midnight	0
735895730540318720	Gilmore Super Girls  #ComicBookTVShows @midnight	0
735892378037460993	@midnight  #ComicBookTVShows The Walking Deadpool	0
735890426847191040	The Atom McBeal #ComicBookTVShows @midnight	0
735901005632540673	Pretty Little Villian Lairs  #ComicBookTVShows @midnight	0
735896016046587904	Booster Golden Girls #ComicBookTVShows @midnight https://t.co/jRVwRKwStW	0
735909491116412928	Everybody Loves X-Rayman....d #ComicBookTVShows @midnight	0
735893595413176320	@midnight #ComicBookTVShows Mr. Steve Roger's Neighborhood	0
735898948364173312	Talking Deadpool #ComicBookTVShows @midnight	0
735908245735235584	@midnight Booster Golden Girls #ComicBookTVShows	0
735906455266557953	Joker Connection  #ComicBookTVShows @midnight	0
735908080504819712	She Hulk &amp; the Bear #ComicBookTVShows @midnight	0
735907089072021504	Superman-natural #ComicBookTVShows @midnight	0
735889850780389376	Extreme Makeover: Secret Lair Edition #ComicBookTVShows @midnight	0
735913734367911936	#ComicBookTVShows  Clifford The Big Red Romulan @Midnight	0
735891622034956289	Celebrity Rehab with Dr. Manhattan #ComicBookTVShows @midnight	0
735901889485668354	The Unbreakable Luke Cage @midnight #ComicBookTVShows	0
735901631200428032	Banner and Butthead #ComicBookTVShows @midnight	0
735903384105066496	My favorite martian manhunter #ComicBookTVShows @midnight	0
735890486867595265	Lumberjane the Virgin #ComicBookTVShows @midnight	0
735895395688124416	Married with Charles Xavier #ComicBookTVShows @midnight	0
735888430920400896	King Shark Tank #ComicBookTVShows @midnight	0
735901854102487040	Kal-El Fornication #ComicBookTVShows @midnight	0
735907414231289856	Peter Parkers and Rec @midnight  #ComicBookTVShows	0
735897237285281792	American Ninja Turtles Warrior #ComicBookTVShows @midnight	0
735909778778554368	@midnight Iron Man Chef #ComicBookTVShows	0
735890464671305728	@midnight The Black Widow List #ComicBookTVShows	0
735898182916419585	Two And A Half Batmen @midnight  #ComicBookTVShows	0
735908568583393280	Hells Kitchen Law #ComicBookTVShows @midnight	0
735901642789425152	@midnight #ComicBookTVShows This Old House of Mystery	0
735910321311744002	Don't Trust the Jessica Jones in Apt. 23 @midnight #ComicBookTVShows	0
735897476821975040	St. Neverwhere #ComicBookTVShows @midnight	0
735890214556569600	The Wonder Twins Years #ComicBookTVShows @midnight	0
735889578947551232	Orphan Black Canary #ComicBookTVShows @midnight	0
735904783073058816	#ComicBookTVShows @midnight Sea Wolverine	0
735896430477377536	The Ghost Rider Whisperer #ComicBookTVShows @midnight	0
735905685678919682	#ComicBookTVShows @midnight Flash Dolls	0
735900993183842304	#ComicBookTVShows @midnight Professor X-Files	0
735888039063457792	The Marvel Years #ComicBookTVShows @midnight	0
735904478394744832	Laverne and she hulk #ComicBookTVShows @midnight	0
735898124774825984	Scream Oliver Queens  #ComicBookTVShows @midnight	0
735901124411035650	Breaking Batman #ComicBookTVShows @midnight	0
735909451715092480	#ComicBookTVShows @midnight Tigra on Top	0
735909203760414720	Attack of the Teen Titians  #ComicBookTVShows @midnight	0
735895765948600320	Mad X-Men #ComicBookTVShows @midnight	0
735910249639485441	@midnight Family Guy Gardner #ComicBookTVShows	0
735890794184204288	Battlestar lord Galactica  #ComicBookTVShows @midnight	0
735909365476102144	@midnight scorpion #ComicBookTVShows	0
735910629631004672	@midnight discovery King shark week #ComicBookTVShows	0
735913503827988480	#ComicBookTVShows @Midnight  .         Mickey Maus Club	0
735897628324564998	The Flashpoint #ComicBookTVShows @midnight	0
735908702184603649	The Waynes #ComicBookTVShows @midnight	0
735895910249463808	Moon Knight Rider #ComicBookTVShows @midnight	0
735892414506770432	Being Human Torch #ComicBookTVShows @midnight	0
735902151814221824	Hellboy's Kitchen #ComicBookTVShows @midnight	0
735894378686734336	The Daily Planet Show #ComicBookTVShows @midnight	0
735901957311725569	That's so Raven  #ComicBookTVShows @midnight	0
735891343210225664	Captain America's Funniest Home Videos  #ComicBookTVShows @midnight	0
735905848816369664	#ComicBookTVShows @midnight Keeping up with the Kryptonians	0
735901831176458241	The Amazing Spider-Man Race #ComicBookTVShows @midnight	0
735897756334731264	Nurse Loki #ComicBookTVShows @midnight	0
735907979900379136	@midnight captain American Restoration #ComicBookTVShows	0
735900147096375296	#ComicBookTVShows Mirror Master of None @midnight	0
735909755932147713	@midnight  #ComicBookTVShows When Kakarot meet Kalel	0
735910078272806912	#ComicBookTVShows @midnight Judge Grimm	0
735899433636921346	@midnight #ComicBookTVShows Green Lantern Acres	0
735892745215057920	Law &amp; Order &amp; Hawk &amp; Dove #ComicBookTVShows @midnight	0
735898229636620288	King of Oliver Queens  #ComicBookTVShows @midnight	0
735894031218188290	All in the Marvel family  #comicbooktvshows @midnight	0
735895381020573696	Star Lord The Next Generation  #ComicBookTVShows @ComicBookTVShows @midnight	0
735902308752592896	Sabertooth and son #ComicBookTVShows  @midnight	0
735909825041698817	Real housewives of the Avengers #ComicBookTVShows @midnight	0
735892176777838597	Harley Quinn, Medicine Woman #ComicBookTVShows @midnight	0
735898142420258817	Dancing with the Starlords #ComicBookTVShows @midnight	0
735899807978377216	Wonder Twin Peaks  #ComicBookTVShows @midnight	0
735898084757016577	Two and a Half X-Men #ComicBookTVShows @midnight	0
735890016778354689	Madman About You #ComicBookTVShows @midnight	0
735888759015641088	Y the Last Man on Earth #ComicBookTVShows @midnight	0
735911350002536448	Magnum P. Eye of Agamotto #ComicBookTVShows @midnight	0
735889788784365569	Sex and the Gotham City  #ComicBookTVShows @midnight	0
735674569080471552	Captain America's Got Talent #ComicBookTVShows @midnight	1
735685079767228417	The Jersey Thor.   #ComicBookTVShows @midnight	1
735684720046936064	The Larry Sandman Show #ComicBookTVShows @midnight	1
735691780046262273	Veep for Vendetta #ComicBookTVShows @midnight	1
735678185841397760	The Dukes of Asgard @midnight #ComicBookTVShows	2
735677115652177921	That's So Kraven. @midnight #ComicBookTvShows	1
735702071731621888	Don't trust the B in apartment X-23 #ComicbookTVShows @midnight	1
735707850152906753	Scott Pilgrim vs the world wide of sports #ComicBookTVShows  @midnight	1
735675680109694976	Magneto in the Middle @midnight  #ComicBookTVShows	1
735676503401332736	The Zod Couple @midnight #ComicBookTVShows	1
