746026159448727552	Pawdiatrist #DogJobs @midnight	0
746034400777756672	Lab #DogJobs @midnight	0
746081191699185665	@midnight Crap Artist #DogJobs	0
746064561191665664	Labradoor man  #DogJobs @midnight	0
746039969299333120	Nuclear Ticknician #dogjobs @midnight	0
746068315047526400	Donald J.Hump, Republican Presidential Nominee @midnight #DogJobs	0
746022427092746240	@midnight Airedale traffic controller #DogJobs	0
746019054545051649	@midnight Dogtor Who #dogjobs https://t.co/GXAGNtLRgg	0
746049980868272128	Slush PUPPIES Dealers  #DogJobs  @midnight	0
746071402281734144	Bark-itecht  #DogJobs #Hashtagwars @midnight	0
746049769315897344	Taco Bell Mascot  #DogJobs  @midnight  #POINTSME	0
746066459709714432	Bark-tender #DogJobs #Hashtagwars @midnight	0
746020786142609408	Whos A Good Boy? Grip #DogJobs @midnight	0
746022125425696768	@midnight Anti-terrierist squad #DogJobs	0
746034919541866496	Barkeep @midnight #DogJobs	0
746042936794689536	Silla is my keeper @midnight #DogJobs she falls asleep on the job a lot though  https://t.co/hj04pwpSgP	0
746034644156461057	#DogJobs Boggie Woggie Beagle Boy @midnight	0
746071083305021440	Golden Wide Receiver #DogJobs  @midnight  @UW https://t.co/PNhF8oXUFq	0
746024023356768257	@midnight Placelicker #DogJobs	0
746021860039598080	@midnight #DogJobs Fluffer	0
746062598706077696	@midnight #DogJobs CPA for Bernie Mastiff	0
746066927638847488	#DogJobs Entrenchment Specialist @midnight	0
746033850262904832	Barkista @midnight #DogJobs	0
746079902676320256	The Bone Collector #DogJobs @midnight	0
746039700670996480	Rufferee  @midnight #dogjobs https://t.co/gZYVIkg09r	0
746073682196324352	Wag-vertising  #DogJobs #Hashtagwars @midnight	0
746031858308255744	Loan Shar-Pei #DogJobs @midnight	0
746044222776573952	Office Managrrrrrrr #dogjobs @midnight	0
746030131613933569	Squirrel Spotter #DogJobs @midnight	0
746050158891237376	HOUSE SITTERS  #DogJobs  @midnight	0
746038220274696192	@midnight #DogJobs Shihtzukage	0
746031265497882624	Bone specialist #DogJobs @midnight	0
746045786828447745	@midnight #DogJobs The Dragon Border Collie https://t.co/5dbTJiMebT	0
746079397824733184	@midnight Ass Sniffer #DogJobs	0
746019429729898496	Labradory technician #DogJobs @midnight	0
746048699256680448	Professional Butt Sniffer  #DogJobs  @midnight	0
746039698322120704	Hair Traffic Controller #dogjobs @midnight	0
746029961136508929	Getting off the couch #DogJobs @midnight	0
746055913170079744	#DogJobs Donald Trump's Publicist @midnight	0
746048866416492545	GRAVEDIGGER  #DogJobs  @midnight	0
746050389271810048	Who's A good PAPERBOY?  #DogJobs  @midnight  #POINTSME	0
746047664328970240	have not played @midnight #HASHTAGWARS in awhile. But today is a fun one called #DogJobs, so I came up with a few. ENJOY!! Pls. R/T if U do.	0
746020772272050181	@midnight #DogJobs hydrant attendant	0
746030039188316161	Howl Monitor #DogJobs @midnight	0
746038877064953856	@midnight #DogJobs Fluffy the Vampire Slayer	0
746037590168584193	@midnight Host of Barking Dead #DogJobs	0
746046030014189568	Mild-mannered new stand owner #DogJobs @midnight	0
746021025242984450	State Bark Ranger #DogJobs @midnight	0
746050843452006401	Professional PEOPLE Walkers  #DogJobs  @midnight	0
746034187468046336	@midnight #dogjobs Chow Chow hall line worker	0
746066729462304768	@midnight Fine Arf Dealer #DogJobs	0
746039083818848256	Furmacist #dogjobs @midnight	0
746034657712537600	Puppeteer @midnight #DogJobs	0
746051310345129984	Squirrel and Cat Hunters  Extraodinaire  #DogJobs  @midnight	0
746048208233709568	Expert BOWL Cleaner  #DogJobs  @midnight	0
746079669619810304	@midnight Leg Humper #DogJobs	0
746062641685094400	#DogJobs Lost &amp; Hound Attendant @midnight	0
746059490487762944	@midnight Doberman binger #DogJobs	0
746021446934224896	@midnight House sit! Sit! Good boy! #DogJobs	0
746063621873143808	Prison Guard Dog @midnight  #DogJobs	0
746047981879701505	POLICE NARC  #DogJobs   @midnight  #POINTSME	0
746026404605616128	Huma Abedine aka Hillary's B*tch #DogJobs @midnight	0
746066571882168320	#DogJobs Window Washer @midnight	0
746052107053109248	#DogJobs Automated, Self-Refilling Mobile Wet-Wipes Dispenser @midnight	0
746072754001059840	Hey @hardwick &amp; @midnight!  Wasn't Indiana Bones in Raiders of the Lost Arf? #DogJobs	0
746049537593253888	CEO of PETSMART  #DogJobs  @midnight	0
746028570976346112	iGot a #Retriever &amp; da #Boney #Prescription is #MoreCowbell #Walken da #Dog &amp; #Chew #Oyster #Cult #DogJobs.@midnight https://t.co/Ar85WqooLs	0
746035739008339969	Mutt mutt golfer #DogJobs @midnight	0
746078370371362818	Shih-Tzu-pervisor  #DogJobs #Hashtagwars @midnight	0
746076527167578113	A-hound-ant  #DogJobs #Hashtagwars @midnight	0
746023751825887233	@midnight Campaign strategist to "Make America Great Dane Again" #DogJobs	0
746054239814705153	#DogJobs Shadow Boxer @midnight	0
746067789002182660	Cooker Spaniel #DogJobs  @midnight	0
746063736901795840	Ballistics specialist #DogJobs @midnight	0
746051665795637248	Fire Hydrant Inspectors  #DogJobs  @midnight  #POINTSME4MYBDAY	0
746035444500987904	Jack Of All a Trades Russell @midnight #dogjobs	0
746061640991387648	@midnight #DogJobs Red Rocket Scientist!	0
746029827136851968	Ball Cleaner #DogJobs @midnight	0
746031103790587904	Food Taster @midnight #DogJobs	0
746020773668651008	Pug-ilist #DogJobs @midnight https://t.co/fwNN6nliy3	0
746053846112165888	#DogJobs Yardiac Specialist @midnight	0
746039226936893440	Parabeagle #dogjobs @midnight	0
746029395337322496	#dogjobs @midnight Pooper Scooper model...	0
746031574773301248	Drool Sergeant #DogJobs @midnight	0
746077715095224320	Motor Beagle Operator  #DogJobs #Hashtagwars @midnight	0
746043404035854336	Lab-rarian #dogjobs @midnight	0
746057023402344448	Shiat"zoo" keeper #DogJobs @midnight	0
746042110105817088	@midnight #DogJobs Superhero https://t.co/HqNugJhllJ	0
746080029386252288	@midnight Ball Licker Control Board #DogJobs	0
746033345239224320	Secreterrier of Defense #dogjobs @midnight	0
746067395106738176	@midnight Newfoundlandscaper #DogJobs	0
746043826783956992	Paw-litician #dogjobs @midnight	0
746040772735156224	@midnight #DogJobs Cone Troopers https://t.co/B9JZdT007d	0
746048443198603265	Carnival Barker  #DogJobs  @midnight  #POINTSME	0
746049590206562308	@SadlyCatless @midnight strip club reviewer #DogJobs	0
746017882878971904	Pawject Manager #DogJobs @midnight	0
746080926044553217	@midnight Dog. That's your job, Dog. #DogJobs	0
746024647372603392	Lunch in Yulin @midnight #DogJobs	0
746040886744616960	Poodleatrician  #dogJobs  @midnight	0
746080299377790976	@midnight Vice President #DogJobs	0
746017002414870528	Barkitect #DogJobs @midnight	0
746049331480895488	World's BEST In-home Security  #DogJobs  @midnight	0
746064567860498432	Secreterrier of Stay #DogJobs @midnight	0
746055232283615232	Shih-Tzu got real last night on @midnight. #DogJobs @Attack https://t.co/C3kFO4MXyB	0
746050588291571712	BONE Operators  #DogJobs  @midnight	0
746061316473913344	@midnight Postal Terrier #DogJobs	0
746017997429444608	@midnight proctologist  #DogJobs https://t.co/mrmbeJU588	0
746060723835441152	#DogJobs Rock-n-Roll Over Star @midnight	0
746044389592424448	@midnight model for American Beagle #DogJobs	0
746030079554260992	Squirrel cataloguer #DogJobs @midnight	0
746021681643327488	Dutch Bigalow K9 Jigalow #DogJobs @midnight https://t.co/xmjzyGrWXH	0
746017833755148288	Proctologist #DogJobs @midnight	0
746077806740791296	Motor Beagle Mechanic  #DogJobs #Hashtagwars @midnight	0
746038888976646144	Fursician's assistant @midnight #dogjobs	0
746049106540380161	ALPO Taste Tester  #DogJobs  @midnight  #POINTSME	0
745834833448943616	Pug-Lick Realtions Manager @midnight #dogjobs	1
745828385818050560	R-Odie-o Clown #DogJobs @midnight	1
745836860715433985	Paw Leash Officer #dogjobs @midnight	1
745822566195957760	Hashwagger @midnight #DogJobs	1
745821916490010625	Black Lab Technician  #DogJobs @midnight	1
745874372783644677	Furrest Ranger #DogJobs @midnight	1
745838163394957312	Athlete @midnight #dogjobs	2
745825846347325440	Secretary of Crate #DogJobs @midnight	1
745823248739340288	Para-beagle #DogJobs @midnight	1
745822122111492096	Barktender   #DogJobs @midnight	1
