665257504037806080	Donner Party Yelp review...not great #InternetThePast @midnight	0
665277934807089152	#InternetThePast @midnight Mesopotamians be like, "First."	0
665248258025918464	1 holocaust you won't believe happened &lt;clickhere&gt; #InternetThePast @midnight	0
665260682430971904	@midnight The Fifth of November was an inside job! #InternetThePast	0
665266311660875776	@midnight @hardwick The Troll'd War #InternetThePast #PointsMe	0
665280430942195712	Foursquare and 7 memes ago @midnight  #InternetThePast	0
665259201032163328	Gettysburg IP Address @midnight #InternetThePast #PointsMe	0
665033402895040512	Take the Quiz: Which Henry VIII Wife Are You? #InternetThePast @midnight	1
665028010479759361	Periscoping The Titanic #InternetThePast @midnight #pointsme	1
665272888375640064	The Cuban Missile Facebook post (the US did not like this) #InternetThePast @midnight	0
665263416861442049	Snopes Monkey Trial #InternetThePast @midnight #PointsMe	0
665266669682606080	Little Boy is dropping this bomb new mix tape on Hiroshima tonight. World star. #InternetThePast @midnight	0
665276671252041729	@midnight  Clear History  #InternetThePast	0
665275655962030080	#InternetThePast @midnight Michael Jackson sees how people make fun of the @Drake video and is like "Fuck it. I ain't revolutionizing shit."	0
665256404442181633	One Does Not Simply... ... Invade Poland. #InternetThePast #PointsMe @midnight	0
665280843158450176	I regret I only have one email address to give for my country #InternetThePast @midnight	0
665256257582858240	Moses parted the Reddit Sea #InternetThePast @midnight	0
665256896169975808	I regret I have but 3 lives to give for my country...4 if I get a guild to help quest for the regeneration cloak. #InternetThePast @midnight	0
665254224435871744	@midnight #InternetThePast shot in the back by Buford Tannon over a matter of an 80 GB iPod.	0
665255758142054400	Cleopatra-hot or not? #InternetThePast @midnight	0
665257011572011008	4 score and 7 memes ago... #InternetThePast @midnight	0
665260729562370048	Gettysburg email Address #InternetThePast @midnight #PointsMe	0
665247148888322048	When Troy fell from a Trojan horse, virus  #InternetThePast @midnight	0
665277749339156481	#InternetThePast @midnight John Belushi is a vine star and doesn't want to take the pay cut to go on @nbcsnl	0
665249466455339008	#InternetThePast The Valentines Day Meme Generator @chadopitz @midnight	0
665251336493989888	@midnight #InternetThePast The Reddit Headed League	0
665256146710720516	@midnight The Klondike Bitcoin Rush #InternetThePast	0
665255201788534784	Pizza Ratification of the Constitution #InternetThePast #PointsMe @midnight	0
665278798905155584	The Rebecca Black Death #InternetThePast @midnight  #friday13th	0
665267371226058752	The Great Lincoln-Deez Nuts Debate of 1858 #InternetThePast @midnight	0
665271109973970944	The Assassination of Archduke Franz Instagram #InternetThePast #PointsMe @midnight	0
665263897926995968	#InternetThePast   Amendment 34   @midnight  #PointsMe	0
665281104216088577	#InternetThePast @midnight The Zapruder Film is way better quality and there's hundreds of them from all different angles on @liveleak	0
665258079525597184	@midnight #InternetThePast Friend Request for fire.	0
665271533468696577	@midnight #InternetThePast The Soul Vine	0
665260347851325440	fourscore and seven vines ago #InternetThePast @midnight	0
665266908871188480	@midnight #InternetThePast  WWW II #PointsMe	0
665248677762605056	The Trojan Catfish #InternetThePast  @midnight	0
665251539867578368	Gettysburg Hotmail address  #InternetThePast @midnight #PointsMe	0
665246803995045889	Buzzfeed presents Ten Rights America is going to give you. #InternetThePast @midnight	0
665254220803629057	@midnight #InternetThePast The Internet Browsing History Trail of Tears	0
665266851308544000	Boston Tea Party? Pics or it didn't happen. #InternetThePast @midnight	0
665273972657786880	The Premiere of Singled Outbox... ;-) #InternetThePast #PointsMe @midnight	0
665258055815323648	Please vote for my video!* *land owning white males only   #InternetThePast @midnight	0
665272913700884481	@midnight #InternetThePast The Underground Network	0
665277342462275584	#InternetThePast @midnight JFK dick pics.	0
665260204104159232	The Boston http Party #InternetThePast @midnight	0
665030004460396544	The Subtweety of Versailles  #InternetThePast @midnight	1
665258306550628352	#InternetThePast @midnight The Real Wives of Henry The VIII	0
665276236634066945	Google Chrome wasn't built in a day #InternetThePast @midnight	0
665266970359668736	@midnight  Gunfight at the "meh" corral #internetthepast #pointsme	0
665267711388205056	The Third Pubic War #InternetThePast @midnight	0
665272372610527233	8 countries Germany just can't stand on Buzzfeed #InternetThePast @midnight	0
665278845751291905	9/1/1939 The Orcs invade Azeroth. #InternetThePast @midnight	0
665274768166260736	#InternetThePast @midnight Benjamin Franklin never discovers electricity because he's using it to watch @DudePerfect videos all day.	0
665276818199609345	The Spamming at Normandy @midnight #InternetThePast	0
665254637272854528	The Swimming of the English 4-Channel #InternetThePast #PointsMe @midnight	0
665265512981651456	@midnight The Oregon Troll #InternetThePast	0
665258021459628032	The Challenger Explosion Accepted #InternetThePast #PointsMe @midnight	0
665267273763041284	@midnight Instagraming the Alamo  #InternetThePast #PointsMe	0
665263181858639876	@midnight #InternetThePast Henry the 5th "#NetflixAndKillAllTheLawyers"	0
665029351872720896	Yelp Review: Donner's ⭐️⬜️⬜️⬜⬜️ Attended a party here. Horrific service. Food was stringy and cold. #InternetThePast @midnight	1
665257615329374208	The Battle of Ermahgerd Beach #InternetThePast #PointsMe @midnight	0
665259711348912128	#InternetThePast @midnight Henry Comstock Discovers the Motherboard Lode	0
665258922194968576	Not only do I disagree with you, I think you're as bad as the baby that was born in Braunau am Inn the other day! #InternetThePast @midnight	0
665279403723776002	@midnight Nyan Katrina #InternetThePast	0
665257344071106560	4Cave /mammoths/ #InternetThePast @midnight	0
665257770896252928	Yukon Gold Membership Rush #InternetThePast @midnight	0
665249553625444353	Women of #Britain. Tweet into the Internet.  #InternetThePast @midnight #PointsMe https://t.co/qw0K1eUt8Y	0
665276257559429120	Blitzkegal of the Luftwaffle #InternetThePast @midnight	0
665282566312759296	#InternetThePast @midnight Helen Of Troy is just some girl in @taylorswift13 's squad who's always trying to start Twitter wars.	0
665266638804021248	@midnight The Boston Lemon Party. #InternetThePast	0
665282189689405440	The Bitcoin rebellion @midnight #InternetThePast	0
665253036256706560	@midnight Instagramophone #InternetThePast #PointsMe	0
665255550939074560	Screaming Goethe #InternetThePast #PointsMe @midnight	0
665260957929635840	Give me liberty or give me likes #InternetThePast @midnight	0
665261006768095232	Mr Gorbachev, tear down this firewall! #InternetThePast @midnight #PointsMe	0
665077432286711809	we hold these truths to be self evident, that http://reddit.com/r/all  men are created equal #pointsme #internetthepast @midnight	1
665273225090195456	When Biggie Shot Tu-rn CAPSLOCK OFF! #InternetThePast #PointsMe @midnight	0
665274137204514817	#InternetThePast @midnight Mark Zuckerberg never creates Facebook and everyone still uses Myspace and the world is exactly the same.	0
665261388705566720	The Secret Bombing of Lmaos #InternetThePast #PointsMe @midnight	0
665253192565964800	@midnight Dr Seuss wrote Nyancat in the Hat #InternetThePast	0
665266309492375552	#InternetThePast @midnight #PointsMe   Custer's Last Tripod	0
665250237506854912	@midnight JFK Assassins Creed #internetthepast #pointsme	0
665265148265795584	Mercator (powered by Google) wants to update location "Santa Maria" for user "Columbus".   Allow?   #InternetThePast #PointsMe @midnight	0
665279826140401664	@midnight #InternetThePast "Give me 4G or give me death" -Patrick Henry	0
665252212784803840	@midnight #InternetThePast The Federalist Blog.	0
665275512911241216	The Gettysburg URL  @midnight #InternetThePast	0
665251781379665920	The First Iracks, racks, racks War. #InternetThePast #PointsMe @midnight	0
665272197284544512	President Kennedy photo shopped in the head @midnight #InternetThePast	0
665265092045496322	The Great Firewall of China @midnight #internetthepast #PointsMe	0
665266900780224512	#InternetThePast @midnight Fresh new slaves for sale on eBay! Hurry! Supplies are limited!!!	0
665254864599953408	The Vietnam nom nom War #InternetThePast #PointsMe @midnight	0
665271626875957248	The blog of Anne Frank @midnight #InternetThePast	0
665263076736761858	#InternetThePast @midnight #PointsMe  The Boston Lemon Party	0
665024248574967808	Retweet the Alamo #InternetThePast @midnight	1
665258338536390656	Flamewar of 1812 #InternetThePast @midnight	0
665257258176090112	Constitutional ammendments decided by comment up-votes #InternetThePast @midnight	0
665023377346723840	Buzzfeed's Top 10 Commandments #InternetThePast @midnight	1
665281120502550528	The eBay of Pigs  #InternetThePast @midnight	2
665257539450200064	alt.religion.thereisonlyonegod.thatisthesungod.ra.ra.ra #InternetThePast @midnight	0
665276998592282624	#InternetThePast @midnight Freddy Mercury has a laugh when Liberace shows up in his toilet stall after answering a CL casual encounter ad.	0
665254078725816320	( this is in terrible taste, but... ) The Bombing of Nagasaki-mail #InternetThePast #PointsMe @midnight	0
665268112443359232	@midnight Genghis Connectivity Problems #InternetThePast	0
665045777593425920	Craigslist - For Sale: Louisiana Territory. Includes jazz, hot sauce, and a bs Saints bandwagon. Best offer. #InternetThePast @midnight	1
665265894319263744	Bae of Pigs @midnight #InternetThePast	0
665263480044302336	World of Statecraft #InternetThePast  @midnight #PointsMe	0
665067758934237185	Battle of Emo Jima #InternetThePast @midnight #PointsMe	1
665271865519316992	Tiananmen FourSquare @midnight #InternetThePast	0
665254542225764352	@midnight #InternetThePast the Lincoln Douglass E-Bates.	0
665281370705432577	The Federalist EULA @midnight  #InternetThePast	0
665274273481809920	Edison trolls Tesla's youtube channel. #InternetThePast @midnight #Tesla	0
665253708918312960	Woodstock Spotify Festival @midnight  #InternetThePast #PointsMe	0
665253025586413568	World Wide Web War I  ... &amp; II #InternetThePast #PointsMe @midnight	0
665268435211845632	#InternetThePast @midnight Craigslist: Clean One owner! 1961 Lincoln Continental 4 Door Convertible for sale. Contact J Kennedy for details.	0
665251023359971328	To tweet or not to tweet. That is the question... #InternetThePast @midnight	0
665271794018983936	The photo bombing of pearl harbor @midnight #InternetThePast	0
665267893035118592	@midnight LOLcatherine the Gr8. #InternetThePast	0
