725380407290556416	The Fifth Ailment  #MakeAMovieSick @midnight	0
725380870882922496	@midnight Kung Flu Panda #MakeAMovieSick #PointsMe	0
725383568206106624	"Star Warts: The Plantar Menace" #MakeAMovieSick @midnight @hardwick	0
725374778668769282	Diarrhea of a Wimpy Kid #MakeAMovieSick @midnight	0
725376343911747584	There's Something Untreatable About Mary #makeamoviesick @midnight	0
725383139598684161	@midnight The 40-Year-Old Virus #MakeAMovieSick #PointsMe	0
725373212675072000	@midnight #MakeAMovieSick Shitty Shitty Bang Bang	0
725376269978836993	@midnight Miracles from Heaving  #MakeAMovieSick	0
725387517776826369	@midnight Nanny McPheever  #MakeAMovieSick	0
725373092457902080	Taken...to the Doctor @midnight #MakeAMovieSick	0
725383951599079424	@midnight #MakeAMovieSick 28 Zikas Later	0
725388506525216768	@midnight Pandemic  #MakeAMovieSick	0
725375452630667265	@midnight Straight Outta Co-pay  #MakeAMovieSick	0
725381409355894784	@midnight Undiagnosed Tremors #makeamoviesick	0
725378145193476096	"R*A*S*H" #MakeAMovieSick @midnight	0
725387749600026624	#MakeAMovieSick how to lose a wart in ten days @midnight	0
725374200773386240	@midnight #MakeAMovieSick Chicken Pox Run	0
725382769879187456	@midnight Spring Hip-Breakers #MakeAMovieSick #PointsMe	0
725386453560254464	@midnight The Fissure King  #MakeAMovieSick	0
725376808820994048	@midnight #MakeAMovieSick There's Something About Typhoid Mary	0
725380702963830784	Finding Nematodes #MakeAMovieSick @midnight	0
725386592068706305	The Sickening #MakeAMovieSick @midnight	0
725374716320616448	Magic Microbes #MakeAMovieSick @midnight	0
725379113066844160	@midnight Diseasy A  #MakeAMovieSick	0
725380745280151553	@midnight #MakeAMovieSick Buffy the vampire facelift Hunter	0
725386524116811777	@midnight Big Fissure  #MakeAMovieSick	0
725375730457174016	@midnight Fantastic Fourth Bipass  #MakeAMovieSick	0
725383507703402497	@midnight Fifty Shades of Graves Disease  #MakeAMovieSick	0
725373602908901376	@midnight #MakeAMovieSick Point Break in my fever	0
725382936770408448	Ghost Pains World #MakeAMovieSick @midnight	0
725372661875019776	Snow White and the Seven Stages of Alzheimer's   #MakeAMovieSick @midnight @HashtagKnights	0
725376405102456833	Deep Impacted Wisdom Tooth #MakeAMovieSick @midnight	0
725375607752691712	H.I.V. For Vendetta  #MakeAMovieSick @midnight	0
725374208549638144	Parathyroid Inactivity #makeamoviesick @midnight	0
725387266835767296	@midnight The Sorcerer's Appendix  #MakeAMovieSick	0
725373019477135360	@midnight Me Before U..TI  #MakeAMovieSick	0
725383954820378624	Diarrhea Hard With A Vengeance  #MakeAMovieSick @midnight	0
725381799476514816	Cool Hand Leukemia #MakeAMovieSick @midnight	0
725376781222445056	@midnight #MakeAMovieSick This is Spinal bifida	0
725374182033395712	Hail, Seizure!  #MakeAMovieSick @midnight	0
725379021534560257	@midnight 12 angry meningitis #makeamoviesick	0
725386036600254465	@midnight Mad Max: Fury Rotavirus #MakeAMovieSick	0
725387890587361280	Smoky and the Bandage #MakeAMovieSick @midnight	0
725372694661754880	@midnight #MakeAMovieSick Cooties	0
725373347966509056	@midnight #MakeAMovieSick The Big Shart	0
725381676738699264	@midnight Iron-deficient Man  #MakeAMovieSick	0
725387755065200640	Citizen Pain #MakeAMovieSick @midnight	0
725387614606508032	@midnight Saturday Night Fever (Sunday Morning, Death)  #MakeAMovieSick	0
725382609220558848	@midnight The Livers of Others  #MakeAMovieSick	0
725373332598710275	Forrest Mumps  #MakeAMovieSick @midnight @HashtagKnights	0
725388846448304128	Vape #makeamoviesick @midnight	0
725388202954072064	@midnight Underwound: Blood Warts  #MakeAMovieSick	0
725381912944988160	A history of violent diarrhea #MakeAMovieSick @midnight	0
725383317051310081	@midnight Titanic Outbreak #MakeAMovieSick #PointsMe	0
725379176648208384	Scarlet Fever Street #MakeAMovieSick @midnight	0
725376485796790273	@midnight Heavin' Scent  #MakeAMovieSick	0
725386731025887232	Terms of An Ear Infection #MakeAMovieSick @midnight	0
725382149063450624	@midnight White House Down Syndrome #MakeAMovieSick #PointsMe	0
725376347783204868	@midnight The 5 People You Meet In Heaving  #MakeAMovieSick	0
725383310998786051	The Sickle Cell #MakeAMovieSick @midnight	0
725382062346133504	Alvin and the chipmumps #MakeAMovieSick @midnight	0
725388635986612224	@midnight The Gall in Our Stones  #MakeAMovieSick	0
725383384881483776	5 Easy pieces of my cranium #MakeAMovieSick @midnight	0
725388044799336448	Lord of the Ringworms #makeamoviesick @midnight	0
725373995189604352	Winter's Brittle Bone #makeamoviesick @midnight	0
725381088764301312	@midnight #MakeAMovieSick common cold Miners Daughter	0
725384104108253184	The Shingles #MakeAMovieSick @midnight	0
725382425216466944	@midnight X-Men: First Cl-aspbergers #MakeAMovieSick #PointsMe	0
725388008644591616	@midnight The Morning After pill  #MakeAMovieSick	0
725380508692156416	@midnight Anal Toy Story #MakeAMovieSick #PointsMe	0
725375096190304256	@midnight Piss-stone: Impassible  #MakeAMovieSick	0
725373480288550914	@midnight Poxels  #MakeAMovieSick	0
725378074242510848	@midnight #MakeAMovieSick Hart to heart attack	0
725374553157836800	@midnight #MakeAMovieSick Strep Up	0
725377587753537536	Rise of the Pollups of the Apes. #MakeAMovieSick @midnight	0
725383321715412992	@midnight Bed Pans and Broomsticks  #MakeAMovieSick	0
725379149939019776	@midnight star warts #makeamoviesick	0
725386586536419329	Poltergesundheit @midnight  #MakeAMovieSick	0
725376255151886336	Saturday Night Fever Blister #MakeAMovieSick @midnight	0
725383480872423424	@midnight Open Flu Season #MakeAMovieSick #PointsMe	0
725382580367986688	@midnight AIDS-Man #MakeAMovieSick #PointsMe	0
725374043709313024	The Wizard of Ooze #MakeAMovieSick @midnight	0
725387479709278208	@midnight Whiskey Tango Gut Rot  #MakeAMovieSick	0
725380689529561088	@midnight Carsick #MakeAMovieSick #PointsMe	0
725374463269834753	@midnight The Last ItchHunter  #MakeAMovieSick	0
725373621036785664	@midnight Infection  #MakeAMovieSick	0
725378868509577216	@midnight The Man Who Knew Infertility  #MakeAMovieSick	0
725387343125946372	#MakeAMovieSick @midnight Meet Joe Black Plague  (yep, I made death sick)	0
725386898751950849	Terms of Congealment #MakeAMovieSick @midnight	0
725388415357820931	@midnight The Infectibles  #MakeAMovieSick	0
725374674486595584	@midnight #makeamoviesick The Happiest Legionnaires'	0
725375985411981313	@midnight #MakeAMovieSick The President's staph infection	0
725384523534446592	@midnight World War Zyka  #MakeAMovieSick	0
725387713533345792	@midnight Tragic Mike  #MakeAMovieSick	0
725383534706184192	@midnight #MakeAMovieSick Typhoid Mary Poppins	0
725388672133001216	Footbruise #MakeAMovieSick @midnight	0
725374537366294529	Night of the Lupus.  #MakeAMovieSick @midnight	0
725388946104942592	Flight of the Kanyes #makeamoviesick @midnight	0
725385843901341696	@midnight Death in the Time of Cholera #MakeAMovieSick	0
725383206157979648	Loss of Blood Work #MakeAMovieSick @midnight	0
725382147985432576	Children of meningitis #MakeAMovieSick @midnight	0
725375886262980608	@midnight The Good Dino's Sore  #MakeAMovieSick	0
725374317773619200	@midnight Polyp Fiction  #MakeAMovieSick	0
725373605744414721	World War Zika #MakeAMovieSick @midnight	0
725386945665359873	Rebel Without A Gauze #MakeAMovieSick @midnight	0
725380274788376577	@midnight gone in sixty prilosecs #makeamoviesick	0
725374653238263810	@midnight The Angry Bowels Movie  #MakeAMovieSick	0
725381237917945857	Instreption @midnight #MakeAMovieSick	0
725381542550237184	Pinocchiococcal #MakeAMovieSick @midnight	0
725387021728927744	Forest Bumps #MakeAMovieSick @midnight	0
725388817490923521	@midnight The Amazing Spider-Veins  #MakeAMovieSick	0
725376955625787392	@midnight #MakeAMovieSick Ben Hurled	0
725373696668524545	@midnight Infection  #MakeAMovieSick It's a cold within a cold, within a cold.	0
725377541779779584	Fahrenheit 911.6 #MakeAMovieSick @midnight	0
725372640798584832	@midnight A rheumatism with a view #MakeaMovieSick	0
725388354439663617	Witches of DiabetEastwick #MakeAMovieSick @midnight	0
725379219975495680	Almost Famished #makeamoviesick @midnight	0
725387891434749953	@midnight Batman Benigns  #MakeAMovieSick	0
725373587868246016	Remission: Impossible #MakeAMovieSick @midnight	0
725382121599164418	@midnight The Lice Guys  #MakeAMovieSick	0
725385791824879616	@midnight Septic Pride  #MakeAMovieSick	0
725378696694124545	@midnight Peter pancreatitis #makeamoviesick	0
725383629887692800	@midnight Lamaze Runner  #MakeAMovieSick	0
725387776032706560	@midnight The girl with the infected tattoo  #MakeAMovieSick	0
725375992353591296	The Bourne Colonoscopy #MakeAMovieSick @midnight	0
725374063628062720	@midnight #MakeAMovieSick Son of Salmonella	0
725383106807500801	Lower GI Problem Child #MakeAMovieSick @midnight	0
725381431984168962	No Country for Old Meningitis #makeamoviesick @midnight	0
725383594953289728	#MakeAMovieSick @midnight   The Diarrhea of Anne Frank	0
725387658332004354	Broke Back Mountain #MakeAMovieSick @midnight	0
725380432989147136	@midnight Humpbatch of Notre Dame #MakeAMovieSick #PointsMe	0
725373447883264000	@midnight #MakeAMovieSick Daddy's Home with the flu	0
725374944675123201	Harry Potter and the A-positive Blood type Prince. #MakeAMovieSick @midnight	0
725386951130370048	@midnight  Return of the Pink Eye  #MakeAMovieSick	0
725373286645821440	Cannonball runs #makeamoviesick @midnight	0
725374249733656577	@midnight Cool Runnings Down My Leg #makeamoviesick	0
725375347949195264	@midnight Fight Clubfoot  #MakeAMovieSick	0
725376890240798720	Romancing the Kidney Stone #MakeAMovieSick @midnight	0
725381468252430336	@midnight Afluenzal Activity #MakeAMovieSick #PointsMe	0
725376111111245824	@midnight Miss Congenitalbirthdefect  #MakeAMovieSick	0
725373998100418560	@midnight #makeamoviesick Karate SIDS	0
725382208203034624	Actual Jersey Boys #MakeAMovieSick @midnight	0
725383268980264960	Schindler's Cyst #MakeAMovieSick @midnight	0
725385829061812224	Don't Tell Mom about the Babysitter's DNR #MakeAMovieSick @midnight https://t.co/XSz2XJrfIV	0
725385120597852161	@midnight Tremors  #MakeAMovieSick	0
725383420876976128	@midnight #MakeAMovieSick undiscovered diseases in The Jungle Book	0
725376500405407744	8MM incision #MakeAMovieSick @midnight https://t.co/bq9gd4AC0q	0
725381730346143747	@midnight Airboune!... Illness #MakeAMovieSick #PointsMe	0
725381495880187904	@midnight #MakeAMovieSick Sneezed &amp; Confused	0
725382611510550529	@midnight #MakeAMovieSick Saturday Night 103 Fever	0
725378400060203008	@midnight #MakeAMovieSick ebola Monkey Shines	0
725388905328029696	@midnight Mrs.Goutfire  #makeamoviesick	0
725377355460415488	@midnight #MakeAMovieSick Lord of the ringworm	0
725375670235238400	National Treasure: Book of Secretions #MakeAMovieSick @midnight https://t.co/i6Yr2EcZMm	0
725375854079922177	Diphtheria of a mad black woman. #makeamoviesick @midnight	0
725381634963431424	@midnight The Stomach Linings Playbook  #MakeAMovieSick	0
725386827142713345	A Night at the Operating Room #MakeAMovieSick @midnight	0
725372759702798337	Mad Vax @midnight #MakeAMovieSick	0
725374845345796097	The Amazing Kid Dying of Radiation Poisoning #MakeAMovieSick @midnight	0
725383583787929600	No Cough Syrup For Old Men #MakeAMovieSick @midnight	0
725374010859606016	@midnight John Sick  #MakeAMovieSick	0
725378212440596480	Harry Potter and the Chamber of Sucrets. #MakeAMovieSick @midnight	0
725379740010315777	High Fever Sierra #MakeAMovieSick @midnight	0
725386735769780225	Gonorrhea Girl #MakeAMovieSick @midnight	0
725377350251106304	@midnight #makeamoviesick Michael Bea's Teenage Mutant Ninja Turtles	0
725381894993489920	@midnight The Godfather (takes you in, after your parents die of plague)  #MakeAMovieSick	0
725374906649710592	@midnight Engorge-ious Basterds  #MakeAMovieSick	0
725374882771427328	@midnight #MakeAMovieSick Name of the Rosacea	0
725381687710867456	@midnight Tequila Sunstroke #makeamoviesick	0
725384919396937728	Cholera Mountain #MakeAMovieSick  @midnight	0
725384279082041345	@midnight The Nose Runner  #MakeAMovieSick	0
725216682042486784	Harry Potter and the Prisoner of Alzheimer's #MakeAMovieSick	1
725189691624976384	You, Me & Burning Pee #MakeAMovieSick @midnight	1
725320972002332672	#MakeAMovieSick Hedwig and the Angry Itch @midnight	1
725204785792585728	Horton Doesn't Hear Anything Because He's Deaf #MakeAMovieSick @midnight	1
725171682831421441	UTI Am Legend @midnight #MakeAMovieSick	1
725165893601386496	There's Something About Malaria #MakeAMovieSick @midnight	1
725166525385158656	Jurassic Parkinson's #MakeAMovieSick @midnight	1
725166374125854720	The Bi Polar Express  #MakeAMovieSick @midnight	2
725174685059555328	Star Wars: Episode II - Attack of the Crohn's #MakeAMovieSick @midnight	1
725166296829034496	Ill Bill @midnight  #MakeAMovieSick	1
