652880387161649153	Get 'er done! #RedneckIn3Words @midnight	0
652825121439248385	Proud Republican Tools #RedneckIn3Words @midnight	0
652857989494239232	@midnight Rodeo Baby Conception #RedneckIn3Words	0
652733009439801344	Worships Miley Cyrus  #RedneckIn3Words @midnight	0
652860737610584064	It's our culture #RedneckIn3Words @midnight HatTip to James Webb	0
652742813403058176	Local wrestling enthusiast  #RedneckIn3Words @midnight	0
652767841389690881	#RedneckIn3Words @midnight "my relatives" that's three right?	0
652707408972787712	@midnight Frenching your sister #RedneckIn3Words	0
652740550244757504	White Lightning Shots #RedneckIn3Words @midnight	0
652702268135862272	Up the Holler  #RedneckIn3Words @midnight	0
652866739286474752	Obama is Muslim #RedneckIn3Words @midnight	0
652695768457957376	@midnight Forth grade thirteen-year-old #RedneckIn3Words	0
652694978078994432	@midnight #RedneckIn3Words Branson missouri vacation	0
652325912067706880	NASCAR and Chill #RedneckIn3Words @midnight	1
652844954239242240	Deep-Fried Turkey Thanksgiving @midnight #RedneckIn3Words	0
652700428954505217	@midnight #RedneckIn3Words Tea Party Supporter	0
652699311625621504	Trailer Park Royalty #RedneckIn3Words @midnight	0
652702688392511489	Dog: My Copilot  #RedneckIn3Words @midnight	0
652831190085435392	Possum done yet?#RedneckIn3Words @midnight	0
652740821251297280	Hold mah beer... @midnight #redneckin3words	0
652708414833983488	@midnight Kid Rock groupie #RedneckIn3Words	0
652859383081271296	Critters are vittles #RedneckIn3Words @midnight	0
652712681812586498	#RedneckIn3Words @midnight Readin's For Richies	0
652743981730631680	Guns, No Abortions #RedneckIn3Words @midnight	0
652889226900430849	Gee, Thanks Obama #RedneckIn3Words @midnight	0
652847041274507264	#hashtagwars Married My Cousin @midnight #RedneckIn3Words	0
652699264716525570	ACTUAL Sister Wives #RedneckIn3Words @midnight	0
652699680082673665	@midnight   Double Wide Home #RedneckIn3Words	0
652762388178030592	@midnight Blumpkin Incest Parties #RedneckIn3Words	0
652720265923723264	Grittin' my tooth #RedneckIn3Words @midnight	0
652880030041817088	Science is bullsh*t!  #RedneckIn3Words @midnight	0
652703311498506240	@midnight Roll Tide! #RedneckIn3Words (Yeah it's 2 words. That's the joke)	0
652738451389812736	Moonshine, Roadkill, Taters #RedneckIn3Words @midnight	0
652709160228945924	@midnight Post sex grits #RedneckIn3Words	0
652701757751975936	@midnight First Cousin Fucking #RedneckIn3Words	0
652867022594928640	Married My Truck #RedneckIn3Words @midnight	0
652841991634444288	@midnight #RedneckIn3Words Raccoon Defeats Breathalyzer	0
652729172142465024	One word: NRA #RedneckIn3Words @midnight	0
652712247211376640	@midnight #redneckin3words - Hold my beer..	0
652836468705005568	#RedneckIn3Words @midnight raccoon penis toothpick	0
652752908602077184	Y'all watch this  #RedneckIn3Words @midnight	0
652384327162945536	Shotgun Selfie Stick #RedneckIn3Words @midnight	1
652696357057228800	Married my sister #RedneckIn3Words @midnight	0
652824943223250944	Dentists hate me #RedneckIn3Words @midnight	0
652739794053672960	Tur-Duck-Hen  #RedneckIn3Words @midnight	0
652824292531437568	Naked Mudflap Lady #RedneckIn3Words @midnight	0
652879582220144640	Tell you what.  #RedneckIn3Words @midnight	0
652329136099323904	Home school dropout  #RedneckIn3Words @midnight	1
652740706675523584	Confederate Flag Fanatic #RedneckIn3Words @midnight	0
652858940678606848	Rodeo Drive cool #RedneckIn3Words @midnight	0
652739500972486656	Banjo Dueling Retards #RedneckIn3Words @midnight	0
652822646552326144	Hold My Beer #RedneckIn3Words  @midnight	0
652738208036360192	Sister's Me Wife #RedneckIn3Words @midnight	0
652748555904376832	Beer Gut Acne @midnight #RedneckIn3Words	0
652882386745692161	@midnight  Moonshine Whiskey Dick   #RedneckIn3Words	0
652695648932786176	@midnight #RedneckIn3Words what's a dentist	0
652700295512756224	@midnight #RedneckIn3Words Hey, watch this!	0
652757364005830656	no coloreds allowed #RedneckIn3Words @midnight @hardwick	0
652744338024235009	I'm Kim Davis.  #RedneckIn3Words @midnight	0
652789810348838912	Strip club scholarship #RedneckIn3Words  @midnight	0
652709954575577089	@midnight Crane game champion #RedneckIn3Words	0
652699180243288064	Shoot Gun Control #RedneckIn3Words @midnight	0
652748696719765505	Y'all know Tater  #RedneckIn3Words @midnight	0
652710479370956805	My sister wife #RedneckIn3Words @midnight	0
652694721647611904	@midnight #RedneckIn3Words            hey uncle dad!	0
652754735351468032	Scattered Smothered Covered #RedneckIn3Words @midnight	0
652738541814808576	Jeff Foxworthy Fan #RedneckIn3Words @midnight	0
652866190575030272	So I'm illiterate #RedneckIn3Words @midnight	0
652883758815678465	Divorcing my cousin. #RedneckIn3Words @midnight	0
652828622840053760	@midnight Married my cousin. #RedneckIn3Words	0
652744517586554881	Moonshine, Overalls, Pickups  #RedneckIn3Words @midnight	0
652696965436846080	Brother's my uncle #RedneckIn3Words @midnight	0
652747746009452545	Gravy flavored panties  #RedneckIn3Words @midnight	0
652345865747722240	O  VER  ALLS #RedneckIn3Words	1
652733556393816064	@midnight #RedneckIn3Words REMEMBER THE ALAMODE!	0
652865828468170752	Family Speed Dating #RedneckIn3Words @midnight	0
652820778807771137	Crystal Meth Cupcakes  #Redneckin3Words @midnight	0
652700576392675329	@midnight #RedneckIn3Words Heritage not Hate!	0
652762662061932544	@midnight Garth Brook Dentures #RedneckIn3Words	0
652808075611607040	@midnight Smoking while pregnant #RedneckIn3Words	0
652828935651201024	@midnight Headin' to Walmart #RedneckIn3Words	0
652865549119148032	Large Print Books #RedneckIn3Words @midnight	0
652865306189295616	I Speak 'Merican! #RedneckIn3Words @midnight	0
652879363101298688	Sister-cousin-wife @midnight #RedneckIn3Words	0
652771053127770112	@midnight Kim Davis supporter #RedneckIn3Words	0
652819728222826496	@midnight #RedneckIn3Words possum casserole night	0
652867415601205248	Country Music Twang #RedneckIn3Words @midnight	0
652718095585316864	Marry me, sis? @midnight #RedneckIn3Words	0
652705804420820992	@midnight Meth cookin' granny #RedneckIn3Words	0
652883018235908096	@midnight #RedneckIn3Words FETAL ALCOHOL SYNDROME	0
652707750460440577	@midnight Singled Out host #RedneckIn3Words	0
652718275382542336	@midnight #RedneckIn3Words I hear banjos.	0
652721487078686720	@midnight #RedneckIn3Words "Red, White, and Blue!"	0
652866936834011136	Never been Sober #RedneckIn3Words @midnight	0
652748047139471360	Trailer park tornado  #RedneckIn3Words @midnight	0
652900430729474048	Outhouse related injury #RedneckIn3Words @midnight	0
652799111297675264	@midnight fireworks and beer #RedneckIn3Words	0
652879227293933568	Sis's lookin' perdy.  #RedneckIn3Words @midnight	0
652342102630789120	Wrestling themed wedding. #RedneckIn3Words @midnight	1
652883124574142468	@midnight #RedneckIn3Words TRUMP FOR PRESIDENT	0
652711777940037632	First Cousin lovin' #RedneckIn3Words @midnight	0
652866823986221056	What's a book #RedneckIn3Words @midnight	0
652694483281289216	@midnight Family reunion Rohypnol #RedneckIn3Words	0
652829852509315072	@midnight Swimming Hole Tapeworm #RedneckIn3Words	0
652695228156104704	@midnight WalMart special occasion #RedneckIn3Words	0
652738926164054017	Meth, Meth, Meth #RedneckIn3Words @midnight	0
652710475961118721	@midnight Unnecessary Rascal ride #RedneckIn3Words	0
652330997153943552	Grammar? She's dead. #RedneckIn3Words @midnight	1
652785688337776640	'merica, fuck yeah @midnight  #RedneckIn3Words	0
652825511484223488	Hold my beer. #RedneckIn3Words @midnight	0
652702572138987520	Jesus Loves.Guns  #RedneckIn3Words @midnight	0
652335457213149184	#RedneckIn3Words Pumpkin Spice Possum @midnight	2
652707488597417988	White Since Birth @midnight #RedneckIn3Words	0
652858701317967872	@midnight Half Ply TP #RedneckIn3Words	0
652761142935203840	Lawn mower racing #RedneckIn3Words @midnight	0
652748299804368896	Pass the ammunition  #RedneckIn3Words @midnight	0
652713108058845184	All lives matter. #RedneckIn3Words @midnight	0
652748456067334144	@midnight barbecue flavored beard #RedneckIn3Words	0
652696598888235008	Git er done #RedneckIn3Words @midnight	0
652712852978049025	Don't tell Mom. #RedneckIn3Words @midnight	0
652326933917749248	Teeth are overrated @midnight #RedneckIn3Words	1
652758577405259776	Runs with chainsaws. #RedneckIn3Words @midnight	0
652825092620095488	God Bless Texas! #RedneckIn3Words @midnight	0
652697911604695040	Kim Davis's Husband  #RedneckIn3Words @midnight http://t.co/81ZUjCEn7M	0
652723796919480324	Squirrel and moonshine #RedneckIn3Words @midnight	0
652761329158086656	Pabst blue ribbon #RedneckIn3Words @midnight	0
652865689833877504	My Sister's single #RedneckIn3Words @midnight	0
652744598121377793	Stars on Justified  #RedneckIn3Words @midnight	0
652743602964054017	Forgot Sunscreen Silly #RedneckIn3Words @midnight	0
652733414726983680	Melanoma Removal Scars #Redneckin3Words @midnight	0
652699434342576132	Deliverance: The Documentary #RedneckIn3Words @midnight	0
652726589176725505	Meth'd up Mondays #RedneckIn3Words @midnight	0
652725619743064064	#RedneckIn3Words Felching Uncle Earl  @midnight	0
652739153134661632	I luv Murica #RedneckIn3Words @midnight	0
652896322018635776	Roll Tide!  wait... Dang #RedneckIn3Words @midnight	0
652833407010009088	@midnight #RedneckIn3Words flannel long underwear	0
652899830793170944	@midnight Donald Trump supporters. #RedneckIn3Words	0
652703046997114881	Solar? My NECK!  #RedneckIn3Words @midnight	0
652793915154825217	@midnight multiple COPS appearances #RedneckIn3Words	0
652695210162450432	@midnight #RedneckIn3Words               Merica fuck yeah!	0
652710848260128768	@midnight WalMart swimming pool #RedneckIn3Words	0
652880222732320768	Everybody, my bruncle!  (brother + uncle) #RedneckIn3Words @midnight	0
652859879321956352	Sheets for curtains #RedneckIn3Words @midnight	0
652828316093779969	National Beverage: Moonshine #RedneckIn3Words @midnight	0
652329663516180480	Toilet flower pots #RedneckIn3Words @midnight	1
652740929451765760	Here, watch this... @midnight #redneckin3words	0
652868553473945600	Father brother in-law #RedneckIn3Words @midnight	0
652760955772801024	Truck Nuts Funeral #RedneckIn3Words @midnight	0
652824003887919104	Autotrader lifetime subscription #RedneckIn3Words  @midnight	0
652890988512280576	@midnight Antique Spool Coffeetable #RedneckIn3Words	0
652694957334118400	@midnight Gray wolf t-shirt #RedneckIn3Words	0
652705998398853120	I do, Sis #Redneckin3words @midnight	0
652828346204688384	@midnight NASCAR is on! #RedneckIn3Words	0
652709663285334016	@mirorama we met him on #Hallowen? #RedneckIn3Words Westboro Baptist Jerks @midnight @Kaybee1981 @PJThoughtProces http://t.co/3LgHER4nlD	0
652887353162231808	What's tree words #RedneckIn3Words @midnight	0
652894717345050624	Deep fried butter #RedneckIn3Words @midnight	0
652698206992760833	Votin' fer Trump #RedneckIn3Words @midnight	0
652707722408935424	Proud Father Uncle @midnight #RedneckIn3Words	0
652710680290660352	@midnight #redneckin3words Hey, yer pretty @hardwick	0
652790338004750336	My sister's sexy! #RedneckIn3Words @midnight	0
652696820729139201	Road kill buffet #RedneckIn3Words @midnight	0
652745297597198336	Uncle Step Dad @midnight #RedneckIn3Words	0
652819043712417792	@midnight #RedneckIn3Words nascar, guns, and beer.	0
652889026014261248	Hold my Beer! #RedneckIn3Words @midnight	0
652325097487900672	Beard of wonders #RedneckIn3Words @midnight	1
652827350854443008	Guns give orgasms #RedneckIn3Words @midnight	0
652696514087776256	Not my president!  #RedneckIn3Words @midnight	0
652706721471795200	@midnight Third tractor dui #RedneckIn3Words	0
652751311994097664	Two Finger Bowling! @midnight #RedneckIn3Words	0
652831563340775424	That's my uncledad! #RedneckIn3Words @midnight	0
652711195506552832	@midnight Hates Jon Stewart #RedneckIn3Words	0
652706506236907520	@midnight Toothless mug shot #RedneckIn3Words	0
652879841092599808	Foxworthy for prezadent #RedneckIn3Words @midnight	0
652820913994493953	@midnight #RedneckIn3Words automotive lawn art http://t.co/7KsyHyBtyG	0
652719969575108608	Sister-cousin wife #RedneckIn3Words @midnight	0
