667375945133592576	@midnight #sexyholidays  Keaster	0
667369283761086464	Chanucocks. You're going need more than 8 days of oil.   #SexyHolidays @midnight	0
667353833421434880	Bondage Veteran's Day #sexyholidays @midnight	0
667354998305660928	Any hole-y Day #SexyHolidays @midnight	0
667359290164817920	@midnight #sexyholidays Dingle Swells #PointsMe	0
667372446622740480	@midnight #sexyholidays stocking stuffers	0
667355256754343936	Yeaster  #SexyHolidays @midnight @pointsme	0
667201462338891776	Cream Pi Day #SexyHolidays @midnight	1
667353671038963712	GroundHug Day #sexyholidays @midnight	0
667354493311324161	Box-ing Day ( How can you improve upon that?) #SexyHolidays @midnight @pointsme	0
667351576995094528	St. Poke your ass day I'll pinch you if your not wearing cream #SexyHolidays #PointsMe @midnight	0
667371402505248768	Happy Birthday Mr Presidents Day #sexyholidays #PointsMe @midnight	0
667365010721677312	Spanksgiving #sexyholidays @midnight	0
667368396787351552	Labial Independence Day #SexyHolidays @midnight	0
667369234234675200	St. Pat's Dick Day #SexyHolidays @midnight #PointsMe	0
667367187888414720	Grounghoggie Style Day #sexyholidays @midnight	0
667371328404652032	Santa's Elves.  They're just so damn sexy.   #SexyHolidays @midnight	0
667369481124057089	National Bareback Humpalot Day #sexyholidays @midnight	0
667353913255837697	Girth Day #sexyholidays @midnight	0
667368858601189376	What what in the butt day #SexyHolidays @midnight	0
667201078774001664	GrindrHog's Day - #SexyHolidays @midnight #PointsMe	1
667356582309531648	@midnight Carving a Halloween Blumpkin #SexyHolidays #PointsMe	0
667351941920329728	Fappy Xmas (War is over) #SexyHolidays @midnight	0
667372318080049152	Bob Crotchit gets a face full of figgy puddin' from Ebeneezer Spooge in Charles Dick-Ins "A Fistmas Carol"  #SexyHolidays @midnight	0
667367077230039040	It's the Great Blumpkin, Charlie Brown #SexyHolidays @midnight	0
667198394469711872	Swalloween #SexyHolidays @midnight	1
667357388006031360	Handel's Massage #sexyholidays #pointsme @midnight	0
667370424448094208	@midnight  #SexyHolidays DDD-Day	0
667230238330347520	Huge D-Day #sexyholidays @midnight #PointsMe	1
667212375637024768	2 Girls, 1 Starbucks Red Cup #SexyHolidays #PointsMe @midnight	1
667367641187786753	Mardi Bra #sexyholidays @midnight	0
667367091901734912	All Taints Day #SexyHolidays @midnight #PointsMe	0
667368216067485697	Palm Job Sunday #sexyholidays @midnight	0
667370840267186176	@midnight #sexyholidays milf and cookies	0
667352218656514048	@midnight #SexyHolidays #PointsMe Santa Claus Is Cumming To Town	0
667368471798423552	Corn Holy Saturday #sexyholidays @midnight	0
667358931115708416	Spanxgiving #SexyHolidays @midnight	0
667365234068348928	Push Shoshana #sexyholidays  @midnight	0
667374694731923456	@midnight #sexyholidays All I want for Christmas is hot sex	0
667367932935184384	Purim-plants #sexyholidays @midnight	0
667353554269507584	Arbwhore Day #sexyholidays @midnight	0
667367975175847937	The Twelve Inches of Christmas #SexyHolidays @midnight (She says, "Centimeters, you're looking at Centimeters.")	0
667355262831857664	Thanks-gstring #SexyHolidays @midnight	0
667363053890117632	@midnight The Festival of Fleshlights #SexyHolidays #PointsMe	0
667373552795021312	#sexyholidays  @midnight Grandmama was gang banged by the reindeer mascot.	0
667358598490554368	Day of the Head #SexyHolidays @midnight	0
667359770622455808	@midnight Jesus F*cking Christmas #SexyHolidays #PointsMe	0
667366289598496768	Taint Paddy's Lay #sexyholidays  @midnight	0
667359718587949056	@midnight BBD Friday #sexyholidays	0
667358828770406400	Fistivas #sexyholidays @midnight	0
667373056931864576	@midnight North pole-dancers #sexyholidays	0
667376704336216064	@midnight  The little hummer boy, likes it in the bum,bum,bum,bum... til he cums #SexyHolidays	0
667361144596770816	@midnight Rated-Xmas #SexyHolidays #PointsMe	0
667376452451463168	@midnight ASS Wednesday #SexyHolidays #PointsMe	0
667360000113815552	@midnight Hallowiener #SexyHolidays #PointsMe	0
667371896497827840	@midnight Rudolf, the red hot butthole #sexyholidays	0
667367452532203521	Susan Pee On Anthony's Day #sexyholidays  @midnight	0
667358546606952448	@midnight #sexyholidays Just the mistletip.	0
667366027806789633	XXX-Mas #sexyholidays  @midnight	0
667357548408872960	@midnight Mem-oral-ial Day #sexyholidays	0
667351550151557121	Box Day  #SexyHolidays @midnight	0
667365806540513281	Whoreth of July #sexyholidays @midnight	0
667361414244265984	Hanuknock On My Back Door #SexyHolidays @midnight #PointsMe	0
667354410176131073	Pantsgiving #SexyHolidays @midnight	0
667357084371935232	@midnight Oh Christmas G-string, oh Christmas G-string #SexyHolidays #PointsMe	0
667356673003102208	Netflix and chill day @midnight  #SexyHolidays	0
667353579368357889	International Bang Like a Pirate Day  #SexyHolidays @midnight	0
667357073219325952	Cum all ye faithful #sexyholidays @midnight	0
667225640756600832	Remember, Remember the 5th time you bend her. #SexyHolidays @midnight	1
667359233369841665	@midnight Mardi Gras anal beads (it's right there!) #sexyholidays	0
667351685228990464	Hannubukkake #SexyHolidays @midnight	0
667375832634032129	All Holes Day #SexyHolidays @midnight  (or if I heard it wrong, "All Hoes Day.")	0
667358280843329536	St. Baddies Day  #SexyHolidays @midnight	0
667370777486958593	Ass Wednesday.  #SexyHolidays @midnight	0
667358676123037696	@midnight "Silver balls, silver balls, it's time for some Tinman role play." #sexyholidays #PointsMe	0
667371001064230913	#SexyHolidays Blue Balls Santa @midnight #PointsMe	0
667368685946822657	Valengrind's Day #SexyHolidays @midnight #PointsMe	0
667357896678621184	@midnight #sexyholidays TurKEY Party #PointsMe	0
667199119073615873	Guy Fucks Day #SexyHolidays @midnight	1
667367271199858688	Cleanly Shaved Box-ing Day #PointsMe #SexyHolidays @midnight	0
667369207957442560	Double-D Day #SexyHolidays @midnight	0
667377587585474560	@midnight  Flag Pole Day #SexyHolidays #PointsMe	0
667359443512750080	@jniffen: @midnight #sexyholidays Just the mistletip. #PointsMe	0
667358273390157825	@midnight It's the great blumpkin Charlie Brown! #sexyholidays	0
667373644755111936	Thanksgiving and receiving oral @midnight #sexyholidays #PointsMe	0
667372307719913474	@midnight #sexyholidays elf on a milf	0
667360794233974785	@midnight Hanukkum, the Festival of Tight #SexyHolidays #PointsMe	0
667365064110817280	@midnight. Take your daughter to Twerk day. #sexyholidays	0
667372157912002560	@midnight #sexyholidays island of misfit dildos	0
667352240596717570	Good King Wenceslas went down on his wife mariaaa  #SexyHolidays #PointsMe @midnight	0
667359852432334848	@midnight The Nutbuster Suite #sexyholidays #PointsMe	0
667351813335683073	Friday the 69th  #SexyHolidays @midnight #PointsMe	0
667371425632768000	@midnight #SexyHolidays   @hughhefner with the "Holly" and the "Ivy"	0
667367202706747392	Nude Year's Day #SexyHolidays @midnight #PointsMe	0
667357475079720960	@midnight #sexyholidays Thanksgiving head #PointsMe	0
667372225750659072	#SexyHolidays Don we now our bondage apparel @midnight #PointsMe	0
667371509455962112	Sweetest's Safe Word Day #sexyholidays @midnight	0
667375989371072512	Grandma took a facial from a reindeer #PointsMe #SexyHolidays @midnight	0
667377369834004480	Fistmas  #SexyHolidays @midnight	0
667353608782921729	Rosh Handjobanah  #SexyHolidays @midnight @pointsme	0
667369514955313152	Victoria Secret Day. #SexyHolidays #PointsMe @midnight	0
667366134417616896	...like a bowl full of KY Jelly #SexyHolidays @midnight #PointsMe	0
667366388751851520	VD-Day #sexyholidays  @midnight	0
667369040365658113	New Year's Lay. #SexyHolidays #PointsMe @midnight	0
667353431837798400	Charlie Brown Hole Christmas #sexyholidays #pointsme @midnight	0
667353167802208256	 It's beginning to look a lot like chlamydia  #SexyHolidays #PointsMe @midnight	0
667369008484716544	Flag in my vag Day #sexyholidays @midnight	0
667367490155073536	St. Patty Cake Day #SexyHolidays @midnight	0
667362343613956096	Mister President's Day #SexyHolidays @midnight #PointsMe https://t.co/MygqhpVKGB	0
667371214583656448	#SexyHolidays Blue Balls Christmas @midnight #PointsMe	0
667368141161234432	@midnight "Elf on Myself" #sexyholidays	0
667370598805274624	#PointsMe  #sexyholidays @midnight  Fistival of Lights	0
667361773985529856	"... and when it's hard and ready, with your dreidel I will play." #SexyHolidays @midnight @hardwick	0
667358482627100672	@midnight It's beginning to look a lot like dat ass #SexyHolidays	0
667351584007847936	Jingle Bell Cock #SexyHolidays @midnight	0
667376990056374272	@midnight #sexyholidays Veterans Who Like Butt Stuff Day	0
667353364598919168	Under The Camel Toe #sexyholidays #pointsme @midnight	0
667366762359480320	Autoerotic asphyxiating the stockings #SexyHolidays @midnight #PointsMe	0
667198379328454656	Yum Kippur  #SexyHolidays @midnight #PointsMe	1
667351622406823936	Silver Balls #sexyholidays @midnight	0
667374848709029888	Feel Us NavyDad  #sexyholidays @midnight #pointsme #hashtagknights #qweeflatina	0
667364577005432832	I'll try not to get gravy in your eyes. #SexyHolidays @midnight #PointsMe	0
667372191227351040	Jingle Ball Gag #SexyHolidays @midnight	0
667352302672547841	All Poles Day  #SexyHolidays @midnight	0
667365385872756736	Halloweenie #sexyholidays  @midnight	0
667368667101929472	Harvey MILF Day #SexyHolidays @midnight	0
667365517234216960	DP-Day #sexyholidays @midnight	0
667372682732695552	@midnight #sexyholidays Christmas light #BDSM	0
667373878277185537	Brabor Day #SexyHolidays @midnight	0
667365716916633602	The Three Legs Men #SexyHolidays @midnight #PointsMe	0
667367939100798980	Rosie Palm and Her Five Sisters Sunday #SexyHolidays @midnight	0
667365926250090496	ArmisTITs Day #sexyholidays  @midnight	0
667366156878143488	Valentine's Lay #sexyholidays  @midnight	0
667368860446810113	New Years Queef  #SexyHolidays @midnight	0
667353981077745664	Mannheim Cleveland Steamer  #sexyholidays #pointsme @midnight	0
667359006130728962	@midnight #SexyHolidays Hallopeen	0
667367545473622016	@midnight #sexyholidays Oh Come On Ye Faithful	0
667201717956706304	Dat Ash Wednesday #SexyHolidays @midnight	2
667360726659436544	@midnight hannucum #SexyHolidays #PointsMe	0
667366227896070144	@midnight  IndaPOONdence Day #SexyHolidays #PointsMe	0
667354058609418240	12 Inches of Christmas  #sexyholidays #pointsme @midnight	0
667371407899099137	#SexyHolidays Vagivus @midnight #PointsMe	0
667365629280800769	TeaFlag Day #sexyholidays  @midnight	0
667368592091062273	Keister Sunday #sexyholidays @midnight	0
667370076518146048	Once you go Black Friday. #SexyHolidays #PointsMe @midnight	0
667365337877356544	Tom Hanksgiving #SexyHolidays #PointsMe @midnight	0
667357236256206848	The Great Blumpkin Charlie Brown #SexyHolidays @midnight	0
