713421856091537408	fish and hips #sexysnacks @midnight	0
713407670473068545	#SexySnacks Pringles, but they come in a fleshlight .............I might be playing this game wrong @midnight	0
713418967440752641	Jizzlers #sexysnacks @midnight	0
713408246099218434	@midnight 100 Grand Hooker #sexysnacks	0
713438922513063936	Nachooooohhhhs! #SexySnacks @midnight	0
713441834605932544	@midnight Hot Dicks  #SexySnacks	0
713442178060693504	@midnight Spaghetti Oh Oh Oh's #SexySnacks	0
713441658826788864	@midnight oh baby Ruth #SexySnacks	0
713422530023989248	@midnight #SexySnacks Wet-zels	0
713442621490798592	@midnight #sexysnacks reeses penis	0
713411930266816512	@midnight Little Debbie between Mike and Ike #SexySnacks	0
713443581139103744	Fluffer Nutter #sexysnacks @midnight	0
713425140105789441	@midnight #sexysnacks #CrackerSnatch	0
713423425792966657	#SexySnacks @midnight  Spaghetti-O....Oh!..Oh!...OOOOOHS!!!   (AHhhhhh!!!)   (((Smooch)))    : )	0
713410293259444226	@midnight ben wa Snowballs #SexySnacks	0
713408794252992512	@midnight Humpables #SexySnacks	0
713426218809487361	#SexySnacks Sprung Roll @midnight	0
713429029198700544	#SexySnacks Instant noodles will be the winner when I think of a good enough pun, gimme a minute @midnight	0
713424656280240128	Whoreeos #sexysnacks @midnight	0
713410654124843008	@midnight chocolate fondo me now #SexySnacks	0
713431007282606080	Every snack is sexy with Cool Raunch Dressing.   #SexySnacks @midnight	0
713442367236403200	@midnight Ocean Spray it on my face #SexySnacks	0
713431974812082176	@midnight #sexysnacks S&amp;M&amp;M's	0
713416844447580160	@midnight #SexySnacks tit-tacs	0
713440386254024704	@midnight Strip Cheese Sandwich #SexySnacks	0
713440876375224320	@midnight Fruit roll in the hay #SexySnacks	0
713425193461415938	@midnight #sexysnacks deeznutsrageous	0
713429451300712448	@midnight #Sexysnacks Skeetles	0
713407723023388672	Two girls, one Reese's Peanut Butter Cup #SexySnacks @midnight	0
713413253326462976	Bust a Zagnut #SexySnacks @midnight	0
713415474277588992	Milk Studs #SexySnacks @midnight	0
713443739209871360	Jelly Beads #sexysnacks @midnight	0
713426336950267904	@midnight #sexysnacks BDSM&amp;Ms	0
713443335063658497	@midnight cum-quats #SexySnacks	0
713423866488553473	@midnight @midnight   Last night our comics made our mouths water with #SexySnacks. Check it out here!... https://t.co/3Fci67Q87D	0
713423246402543616	@midnight #SexySnacks Sno Faps	0
713421571440807936	Deez Corn Nuts #sexysnacks @midnight	0
713410388147249152	@midnight Licorice Whips #SexySnacks	0
713434594360561664	@midnight #PointsMe #SexySnacks Oily-ent Green	0
713407854007353344	Mr. Big where it matters @midnight #sexysnacks	0
713452516868956160	Honey Nut Fellatios  #SexySnacks @midnight	0
713433499366129664	#SexySnacks @midnight Double Stuffed Ore-hoes	0
713423306242699264	@midnight #SexySnacks Gummy Sperms	0
713418122959544320	@midnight #SexySnacks skin flute by the foot	0
713435403102076928	Circle Jerky #SexySnacks @midnight	0
713421987650134016	#SexySnacks You. What up. @midnight	0
713439879468818432	@midnight #PointsMe #SexySnacks - Whose Nutz? Cheez Nutz	0
713437271433867268	Nutter Butter #SexySnacks @midnight	0
713422343318667264	Dick Taters #SexySnacks @midnight https://t.co/OPwbFxghR8	0
713418747281678336	S&amp;Ms #SexySnacks @midnight	0
713407048919035908	100 Grand dicks @midnight #sexysnacks	0
713408537054081025	@midnight Dorit-hoes #SexySnacks	0
713426864702955521	#SexySnacks Bacon that ass up @midnight	0
713441319058857985	@midnight #PointsMe #SexySnacks - Ginger Head, Man	0
713428045919440896	@midnight #SexySnacks S&amp;M's	0
713407184269213698	Little Debbie Does Dallas  #SexySnacks @midnight	0
713435272453734400	@midnight #PointsMe #SexySnacks - Bangin' Sherry's Ice Cream	0
713442377596272640	@midnight #PointsMe #SexySnacks - Cheeri-Hos	0
713411742118780928	@midnight Tobleboner #sexysnacks	0
713445318503882753	C*myuns #SexySnacks @midnight	0
713415292177633281	@midnight #SexySnacks Wheat Twinks	0
713436475103309826	#SexySnacks .@midnight BangHers &amp; Mash* or Spotted Dick* **(only appealing if ur Brit) https://t.co/LnAdmPbS5z	0
713453639201726464	Wagon wheeling #SexySnacks @midnight	0
713409904510275584	#SexySnacks Green S &amp; M's. @midnight	0
713435360685125632	@midnight #PointsMe #SexySnacks - Cookies and Creamin'	0
713441033426702337	@midnight #PointsMe #SexySnacks - Lady Fingers, Only To the First Knuckle	0
713450230973239296	3 some Musketeers  #SexySnacks @midnight	0
713409470966030337	Prostitootsies @midnight #sexysnacks	0
713430293311524864	#SexySnacks Top Rammin' @midnight	0
713407455523278848	Cup-o-golden showers @midnight #sexysnacks	0
713442111400636416	@midnight S &amp; Ms #SexySnacks	0
713409058733043712	If the hashtag were RacistSnacks my answer would be, "Anything from Frito-Tay."   #SexySnacks @midnight	0
713437722799706112	@midnight Blowjob Pops #SexySnacks	0
713417703189385216	@midnight #SexySnacks brazilian wax candy	0
713422192537640961	@midnight Cheese Jiz #SexySnacks	0
713413961111056384	ToesTitsOhhh's  #SexySnacks @midnight	0
713422216835108865	K-Y Jelly Babies  #SexySnacks @midnight	0
713441567118331909	@midnight Pork me rinds #SexySnacks	0
713407841609113601	@midnight I put my hand on your chip, when I dip, you dip, we dip #SexySnacks	0
713424034805972992	@midnight I went to bed too early! Hope someone got points for "Fruit by the Foot Fetish" #sexysnacks	0
713409493246287872	@midnight Cheese Diddles #SexySnacks	0
713410173415460864	#SexySnacks @midnight Chick-O-Dicks	0
713406875639889926	@midnight #sexysnacks How many licks does it take to get to the centre of you your Tootsie Cock?	0
713409198327881728	Nabisco Cheese Nipples #SexySnacks  @midnight	0
713431288900792321	Drinks with high fructose porn syrup.   #SexySnacks @midnight	0
713423121773035520	@midnight I still like my towizzlhers #SexySnacks	0
713441753626492929	@midnight Beef Jerk-off #SexySnacks	0
713420250436341760	@midnight #SexySnacks Honeydew me right now	0
713419828321603584	@midnight #sexysnacks fur burgers and French theighs**	0
713444730294706176	@midnight Gizzz Whiz #SexySnacks	0
713421639275384832	@midnight  Fun Tip #SexySnacks #PointsMe	0
713411751631568898	@midnight sticky buns #SexySnacks	0
713444922200707073	@midnight #sexysnacks Charleston Spew	0
713410366898720768	@midnight #sexysnacks big hunk	0
713427527142928384	#SexySnacks F*ckie Dough @midnight	0
713419223750447104	@midnight #SexySnacks fiber one-night stand	0
713447416070967296	Let me see that tootsie roll! #SexySnacks @midnight	0
713421895064879104	@midnight Whoreos.  #sexysnacks	0
713417290427924480	@midnight #SexySnacks everlasting knob slobbers	0
713406595850379264	3 Brokeback Musketeers @midnight #sexysnacks	0
713439017342267392	@midnight #PointsMe #SexySnacks - Time to make the DeezNuts	0
713405881098960896	Good and all kinds of Plenty, baby #sexysnacks @midnight	0
713424763595530240	Once YOU pop, the fun don't stop ;) #SexySnacks @midnight	0
713405646398439424	S'mwhores #SexySnacks #HashtagWars @midnight	0
713441498050793473	@midnight #PointsMe #SexySnacks - Hummerus	0
713407203802087425	Butterfingered @midnight #sexysnacks	0
713430209400152064	@midnight #sexysnacks Gobstoppers	0
713408199076884480	cum on my Twix #sexysnacks @midnight	0
713450831568183296	George Carlin's Tater Tits #SexySnacks @midnight #GodIMissCarlin	0
713407185531736064	Reese's Peanut Butter C Cups #SexySnacks @midnight	0
713430477667975169	Lady Fingereds #SexySnacks @midnight	0
713443646444584960	@midnight Count F*ckula #SexySnacks	0
713414174257184768	Yer mom's cherry pie! Oh! #SexySnacks @midnight	0
713443647094710273	@midnight "Not Actual Milk" Duds #sexysnacks	0
713454687933054976	Cheeri-OHS! #SexySnacks @midnight	0
713440823782817792	@midnight #PointsMe #SexySnacks - Nookie Dough	0
713410315552043009	#SexySnacks @midnight Peeps Show	0
713441963685584896	@midnight Cracker Jack me offs #SexySnacks	0
713406652255440896	Whatchamafuckit #sexysnacks @midnight	0
713432505601249280	@midnight #sexysnacks Dildo Pickle	0
713422487485329408	@midnight Wonder Head #SexySnacks	0
713425766189367296	Kit-scat @midnight #sexysnacks	0
713427774078382080	#SexySnacks Oeos @midnight	0
713429559354363905	@midnight #SexySnacks Big Mac  (nothing else to say)	0
713427040188272642	Clit-O-Honey #SexySnacks @midnight	0
713443410942771200	@midnight Sam-ho-as #SexySnacks	0
713422392736026624	@midnight Marshmallow Fluffer #SexySnacks	0
713440352619917312	@midnight Turkish Bath Delight #SexySnacks	0
713407178531540993	@midnight #sexysnacks Milky Three Way	0
713435433514962944	@midnight #PointsMe #SexySnacks - MooseKnuckle Tracks	0
713409953378205696	@midnight HammanTushan #SexySnacks	0
713442988253396993	@midnight Fruit Squirters #SexySnacks	0
713423456616988672	Three musketeers #SexySnacks @midnight	0
713407677867556864	@KITKAT and chill #sexysnacks @midnight	0
713425108132622337	Vienna fingering #sexysnacks @midnight	0
713408038879633408	Oh Henry! Harder! @midnight #sexysnacks	0
713440255756668928	@midnight #PointsMe #SexySnacks - Get Your Pop Rocks Off	0
713410844130869248	S&amp;M&amp;M's. #SexySnacks @midnight	0
713448525812658176	@midnight Nut-on-her-Butter #SexySnacks	0
713432569560178688	@midnight #sexysnacks Gum Balls	0
713418891481862145	@midnight #SexySnacks Sliz'lers pull and peel	0
713409645499404288	#SexySnacks @midnight Blow Pops	0
713434968773500929	@midnight #PointsMe #SexySnacks - Stay Fluft Marshmallows	0
713427389972291584	Queef-A-Roni #SexySnacks @midnight	0
713434383441473536	@midnight #sexysnacks Your peanut butter is in my chocolate!  Yeah it is.	0
713447488158613504	#sexysnacks Cadbury's Easter Cream Eggs @midnight	0
713416175074603009	S&amp;Ms. Melt in your butt, not in your hands. #sexysnacks #darkchocolate @midnight https://t.co/gbJrGAV2Ti	0
713246817379430400	OREOhhh that feels so good @midnight #SexySnacks	1
713206160946556929	Top Parts #SexySnacks @midnight	1
713206509493026818	Nipple Twizzlers #SexySnacks @midnight	1
713225790758891521	#SexySnacks Friends with Beignets @midnight https://t.co/VtvsIErVOO	1
713223357945262080	Butt Stuffed Mushrooms #SexySnacks @midnight	1
713206369613053952	G-String cheese #SexySnacks @midnight	2
713207711123566593	Dildoritos   #SexySnacks  @midnight	1
713217556727762945	Let me show you my twinkies! @midnight #SexySnacks	1
713212058515288064	Footsie Rolls #SexySnacks @midnight	1
713230260670562304	Flirty Pebbles #SexySnacks @midnight	1
